dataset,method,seed,task1_metric,task2_metric,payload_bytes,active_clients,frozen_clients,wall_seconds
cwru,fedavg,11,0.9193758127438232,0.918075422626788,28800000,24,0,3.5851102960004937
cwru,fedavg,22,0.9830949284785435,0.8907672301690507,28800000,24,0,3.7941633070004173
cwru,fedavg,33,0.8582574772431729,0.9115734720416124,28800000,24,0,3.584281438000289
cwru,fedavg,44,0.9310793237971391,0.918075422626788,28800000,24,0,3.7967384820003645
cwru,fedavg,55,0.988296488946684,0.8660598179453837,28800000,24,0,3.7978823789999296
cwru,fedprox,11,0.9193758127438232,0.918075422626788,28800000,24,0,4.262065472000359
cwru,fedprox,22,0.9830949284785435,0.8907672301690507,28800000,24,0,4.003574981999918
cwru,fedprox,33,0.8582574772431729,0.9115734720416124,28800000,24,0,3.979547979000017
cwru,fedprox,44,0.9310793237971391,0.918075422626788,28800000,24,0,3.6739285519997793
cwru,fedprox,55,0.988296488946684,0.8660598179453837,28800000,24,0,3.950564600000689
cwru,fmtl,11,0.9115734720416124,0.9206762028608583,28800000,24,0,3.6440371489998142
cwru,fmtl,22,0.9843953185955787,0.893368010403121,28800000,24,0,3.6565801249998913
cwru,fmtl,33,0.8595578673602081,0.9115734720416124,28800000,24,0,3.812375716999668
cwru,fmtl,44,0.929778933680104,0.918075422626788,28800000,24,0,3.645560426999509
cwru,fmtl,55,0.9869960988296489,0.8621586475942783,28800000,24,0,3.857388907999848
cwru,scaffold,11,0.8998699609882965,0.9206762028608583,28800000,24,0,4.019741650000469
cwru,scaffold,22,0.9752925877763329,0.88296488946684,28800000,24,0,4.160716283000511
cwru,scaffold,33,0.8556566970091027,0.9128738621586476,28800000,24,0,3.9498221269996066
cwru,scaffold,44,0.9141742522756827,0.9154746423927178,28800000,24,0,4.120501393000268
cwru,scaffold,55,0.9817945383615084,0.88296488946684,28800000,24,0,3.975956478000626
cwru,topksgd,11,0.9193758127438232,0.918075422626788,13032000,24,0,4.428595891000441
cwru,topksgd,22,0.9830949284785435,0.8907672301690507,13032000,24,0,4.9117112519998045
cwru,topksgd,33,0.8582574772431729,0.9115734720416124,13032000,24,0,5.638707375999729
cwru,topksgd,44,0.9310793237971391,0.918075422626788,13032000,24,0,4.630213890999585
cwru,topksgd,55,0.9869960988296489,0.8647594278283485,13032000,24,0,4.914773796999725
intel_sensor,fedavg,11,0.2351687252521515,0.02987176924943924,7430400,24,0,21.892154723000203
intel_sensor,fedavg,22,0.26568150520324707,0.03780844807624817,7430400,24,0,18.727839221999602
intel_sensor,fedavg,33,0.25452443957328796,0.03662877157330513,7430400,24,0,15.634635226000682
intel_sensor,fedavg,44,0.18597087264060974,0.046346597373485565,7430400,24,0,16.246778569000526
intel_sensor,fedavg,55,0.23856694996356964,0.052553996443748474,7430400,24,0,25.074252458000046
intel_sensor,fedprox,11,0.23517382144927979,0.02987302839756012,7430400,24,0,14.929028845000175
intel_sensor,fedprox,22,0.26568564772605896,0.03780980780720711,7430400,24,0,18.540532386999985
intel_sensor,fedprox,33,0.2545284926891327,0.03662877902388573,7430400,24,0,16.83144409399938
intel_sensor,fedprox,44,0.1859736293554306,0.04634793847799301,7430400,24,0,13.385061306999887
intel_sensor,fedprox,55,0.23857149481773376,0.05255787447094917,7430400,24,0,16.945038590999502
intel_sensor,fmtl,11,0.23705092072486877,0.02952978014945984,7430400,24,0,13.381142074999843
intel_sensor,fmtl,22,0.2694089412689209,0.03784694895148277,7430400,24,0,15.960769612999684
intel_sensor,fmtl,33,0.25665104389190674,0.03670556843280792,7430400,24,0,14.989255569999841
intel_sensor,fmtl,44,0.1886754184961319,0.04551265761256218,7430400,24,0,15.263351737000448
intel_sensor,fmtl,55,0.24040265381336212,0.05190437287092209,7430400,24,0,16.266529773000002
intel_sensor,scaffold,11,0.23274634778499603,0.02942800708115101,7430400,24,0,15.761823138000182
intel_sensor,scaffold,22,0.26459670066833496,0.036285437643527985,7430400,24,0,15.561544135999611
intel_sensor,scaffold,33,0.25241178274154663,0.03636409714818001,7430400,24,0,15.183041848000357
intel_sensor,scaffold,44,0.18382394313812256,0.04568490758538246,7430400,24,0,15.059458437000103
intel_sensor,scaffold,55,0.2338668704032898,0.05002220347523689,7430400,24,0,18.215367911000612
intel_sensor,topksgd,11,0.23521260917186737,0.029844677075743675,3268800,24,0,17.17510753999977
intel_sensor,topksgd,22,0.26605165004730225,0.037720050662755966,3268800,24,0,17.327926480000315
intel_sensor,topksgd,33,0.2546297311782837,0.03673164173960686,3268800,24,0,16.0306938599997
intel_sensor,topksgd,44,0.18638254702091217,0.04627121239900589,3268800,24,0,16.21106612099993
intel_sensor,topksgd,55,0.23899562656879425,0.052836932241916656,3268800,24,0,17.969220136999866
uci_har,fedavg,11,0.8724126230064473,0.999660671869698,521856000,24,0,11.700372074999905
uci_har,fedavg,22,0.8649474041398032,0.999321343739396,521856000,24,0,10.911005101999763
uci_har,fedavg,33,0.8513742789277231,0.999321343739396,521856000,24,0,11.54125263900005
uci_har,fedavg,44,0.8564642008822532,1.0,521856000,24,0,10.982432626000445
uci_har,fedavg,55,0.8724126230064473,0.999660671869698,521856000,24,0,11.122448560000521
uci_har,fedprox,11,0.8724126230064473,0.999660671869698,521856000,24,0,14.040211384000031
uci_har,fedprox,22,0.8649474041398032,0.999321343739396,521856000,24,0,16.64846207299979
uci_har,fedprox,33,0.8513742789277231,0.999321343739396,521856000,24,0,13.282752587999312
uci_har,fedprox,44,0.8564642008822532,1.0,521856000,24,0,15.381154788999993
uci_har,fedprox,55,0.8720732948761453,0.999660671869698,521856000,24,0,14.085094119000132
uci_har,fmtl,11,0.8713946386155412,0.999660671869698,521856000,24,0,11.245048257000235
uci_har,fmtl,22,0.8639294197488971,0.999321343739396,521856000,24,0,8.458731437000097
uci_har,fmtl,33,0.8513742789277231,0.999321343739396,521856000,24,0,10.90572963700015
uci_har,fmtl,44,0.8530709195792331,1.0,521856000,24,0,11.624131601000045
uci_har,fmtl,55,0.8707159823549372,0.999660671869698,521856000,24,0,13.53995203500017
uci_har,scaffold,11,0.8788598574821853,0.999660671869698,521856000,24,0,14.410150269999576
uci_har,scaffold,22,0.8642687478791992,0.9989820156090939,521856000,24,0,15.171771874000115
uci_har,scaffold,33,0.8489989820156091,0.998642687478792,521856000,24,0,12.903925722000167
uci_har,scaffold,44,0.8523922633186292,1.0,521856000,24,0,15.5974912519996
uci_har,scaffold,55,0.8690193417034272,0.999660671869698,521856000,24,0,12.811173127000075
uci_har,topksgd,11,0.8703766542246352,0.999660671869698,226900800,24,0,35.161268433999794
uci_har,topksgd,22,0.8632507634882932,0.999321343739396,226900800,24,0,25.82216075499946
uci_har,topksgd,33,0.8517136070580251,0.999321343739396,226900800,24,0,28.85581268200076
uci_har,topksgd,44,0.8564642008822532,1.0,226900800,24,0,29.081787084000098
uci_har,topksgd,55,0.8720732948761453,0.999660671869698,226900800,24,0,28.044079507000788
cwru,proposed,11,0.9739921976592978,0.918075422626788,13032000,24,0,44.158147729999996
cwru,proposed,22,0.9856957087126138,0.8946684005201561,13032000,24,0,6.700098504000039
cwru,proposed,33,0.9037711313394018,0.9141742522756827,13032000,24,0,6.588632293000046
cwru,proposed,44,0.929778933680104,0.9167750325097529,13032000,24,0,11.207872813999984
cwru,proposed,55,0.9934980494148244,0.9063719115734721,13032000,24,0,11.697528290000037
intel_sensor,proposed,11,0.20419694483280182,0.02641494758427143,3268800,24,0,197.32945292600004
intel_sensor,proposed,22,0.24064502120018005,0.03425414115190506,3268800,24,0,202.77480509399993
intel_sensor,proposed,33,0.2386353760957718,0.04169916361570358,3268800,24,0,198.5839664570001
intel_sensor,proposed,44,0.1651689112186432,0.04324478283524513,3268800,24,0,13.191447657000026
intel_sensor,proposed,55,0.20856817066669464,0.038635432720184326,3268800,24,0,13.697206406000078
uci_har,proposed,11,0.8819138106549033,0.999660671869698,226900800,24,0,188.60765313800005
uci_har,proposed,22,0.8659653885307091,0.999321343739396,226900800,24,0,85.59098706100008
uci_har,proposed,33,0.8581608415337632,0.999321343739396,226900800,24,0,96.13933633499983
uci_har,proposed,44,0.8612147947064812,0.999660671869698,226900800,24,0,94.51155075100019
uci_har,proposed,55,0.8822531387852053,0.999660671869698,226900800,24,0,103.39128024399997
