family,run,dataset,method,variant,seed,rho,sigma,eta_f,task1,task2,payload_mb,residual_mb,wall_seconds,final_frozen,mean_frozen,mean_similarity,mean_retention,mean_budget_utilization,mean_stationarity,min_stationarity,residual_l2_final,jain_participation
main,cwru_fedavg_11,cwru,fedavg,full,11,0.3,0.6,0.0005,0.9193758127438232,0.918075422626788,28.8,0.36352,3.5851102960004937,0.0,0.0,0.0,1.0,0.0,0.0,0.0,0.0,0.9916323370080861
main,cwru_fedavg_22,cwru,fedavg,full,22,0.3,0.6,0.0005,0.9830949284785436,0.8907672301690507,28.8,0.36352,3.7941633070004173,0.0,0.0,0.0,1.0,0.0,0.0,0.0,0.0,0.9929786601530536
main,cwru_fedavg_33,cwru,fedavg,full,33,0.3,0.6,0.0005,0.8582574772431729,0.9115734720416124,28.8,0.36352,3.584281438000289,0.0,0.0,0.0,1.0,0.0,0.0,0.0,0.0,0.9922883271366356
main,cwru_fedavg_44,cwru,fedavg,full,44,0.3,0.6,0.0005,0.9310793237971392,0.918075422626788,28.8,0.36352,3.7967384820003645,0.0,0.0,0.0,1.0,0.0,0.0,0.0,0.0,0.9932556713672593
main,cwru_fedavg_55,cwru,fedavg,full,55,0.3,0.6,0.0005,0.988296488946684,0.8660598179453837,28.8,0.36352,3.7978823789999296,0.0,0.0,0.0,1.0,0.0,0.0,0.0,0.0,0.990871140878022
main,cwru_fedprox_11,cwru,fedprox,full,11,0.3,0.6,0.0005,0.9193758127438232,0.918075422626788,28.8,0.36352,4.262065472000359,0.0,0.0,0.0,1.0,0.0,0.0,0.0,0.0,0.9916323370080861
main,cwru_fedprox_22,cwru,fedprox,full,22,0.3,0.6,0.0005,0.9830949284785436,0.8907672301690507,28.8,0.36352,4.003574981999918,0.0,0.0,0.0,1.0,0.0,0.0,0.0,0.0,0.9929786601530536
main,cwru_fedprox_33,cwru,fedprox,full,33,0.3,0.6,0.0005,0.8582574772431729,0.9115734720416124,28.8,0.36352,3.979547979000017,0.0,0.0,0.0,1.0,0.0,0.0,0.0,0.0,0.9922883271366356
main,cwru_fedprox_44,cwru,fedprox,full,44,0.3,0.6,0.0005,0.9310793237971392,0.918075422626788,28.8,0.36352,3.6739285519997793,0.0,0.0,0.0,1.0,0.0,0.0,0.0,0.0,0.9932556713672593
main,cwru_fedprox_55,cwru,fedprox,full,55,0.3,0.6,0.0005,0.988296488946684,0.8660598179453837,28.8,0.36352,3.950564600000689,0.0,0.0,0.0,1.0,0.0,0.0,0.0,0.0,0.990871140878022
main,cwru_fmtl_11,cwru,fmtl,full,11,0.3,0.6,0.0005,0.9115734720416124,0.9206762028608584,28.8,0.36352,3.6440371489998142,0.0,0.0,0.0,1.0,0.0,0.0,0.0,0.0,0.9916323370080861
main,cwru_fmtl_22,cwru,fmtl,full,22,0.3,0.6,0.0005,0.9843953185955788,0.893368010403121,28.8,0.36352,3.6565801249998913,0.0,0.0,0.0,1.0,0.0,0.0,0.0,0.0,0.9929786601530536
main,cwru_fmtl_33,cwru,fmtl,full,33,0.3,0.6,0.0005,0.8595578673602081,0.9115734720416124,28.8,0.36352,3.812375716999668,0.0,0.0,0.0,1.0,0.0,0.0,0.0,0.0,0.9922883271366356
main,cwru_fmtl_44,cwru,fmtl,full,44,0.3,0.6,0.0005,0.929778933680104,0.918075422626788,28.8,0.36352,3.645560426999509,0.0,0.0,0.0,1.0,0.0,0.0,0.0,0.0,0.9932556713672593
main,cwru_fmtl_55,cwru,fmtl,full,55,0.3,0.6,0.0005,0.9869960988296488,0.8621586475942783,28.8,0.36352,3.857388907999848,0.0,0.0,0.0,1.0,0.0,0.0,0.0,0.0,0.990871140878022
main,cwru_scaffold_11,cwru,scaffold,full,11,0.3,0.6,0.0005,0.8998699609882965,0.9206762028608584,28.8,0.36352,4.019741650000469,0.0,0.0,0.0,1.0,0.0,0.0,0.0,0.0,0.9916323370080861
main,cwru_scaffold_22,cwru,scaffold,full,22,0.3,0.6,0.0005,0.9752925877763328,0.88296488946684,28.8,0.36352,4.160716283000511,0.0,0.0,0.0,1.0,0.0,0.0,0.0,0.0,0.9929786601530536
main,cwru_scaffold_33,cwru,scaffold,full,33,0.3,0.6,0.0005,0.8556566970091027,0.9128738621586476,28.8,0.36352,3.9498221269996066,0.0,0.0,0.0,1.0,0.0,0.0,0.0,0.0,0.9922883271366356
main,cwru_scaffold_44,cwru,scaffold,full,44,0.3,0.6,0.0005,0.9141742522756828,0.9154746423927178,28.8,0.36352,4.120501393000268,0.0,0.0,0.0,1.0,0.0,0.0,0.0,0.0,0.9932556713672593
main,cwru_scaffold_55,cwru,scaffold,full,55,0.3,0.6,0.0005,0.9817945383615084,0.88296488946684,28.8,0.36352,3.975956478000626,0.0,0.0,0.0,1.0,0.0,0.0,0.0,0.0,0.990871140878022
main,cwru_topksgd_11,cwru,topksgd,full,11,0.3,0.6,0.0005,0.9193758127438232,0.918075422626788,13.032,0.36352,4.428595891000441,0.0,0.0,0.0,1.0,0.0,0.0,0.0,0.0,0.9916323370080861
main,cwru_topksgd_22,cwru,topksgd,full,22,0.3,0.6,0.0005,0.9830949284785436,0.8907672301690507,13.032,0.36352,4.9117112519998045,0.0,0.0,0.0,1.0,0.0,0.0,0.0,0.0,0.9929786601530536
main,cwru_topksgd_33,cwru,topksgd,full,33,0.3,0.6,0.0005,0.8582574772431729,0.9115734720416124,13.032,0.36352,5.638707375999729,0.0,0.0,0.0,1.0,0.0,0.0,0.0,0.0,0.9922883271366356
main,cwru_topksgd_44,cwru,topksgd,full,44,0.3,0.6,0.0005,0.9310793237971392,0.918075422626788,13.032,0.36352,4.630213890999585,0.0,0.0,0.0,1.0,0.0,0.0,0.0,0.0,0.9932556713672593
main,cwru_topksgd_55,cwru,topksgd,full,55,0.3,0.6,0.0005,0.9869960988296488,0.8647594278283485,13.032,0.36352,4.914773796999725,0.0,0.0,0.0,1.0,0.0,0.0,0.0,0.0,0.990871140878022
main,intel_sensor_fedavg_11,intel_sensor,fedavg,full,11,0.3,0.6,0.0005,0.2351687252521515,0.0298717692494392,7.4304,0.060736,21.892154723000203,0.0,0.0,0.0,1.0,0.0,0.0,0.0,0.0,0.99610427920557
main,intel_sensor_fedavg_22,intel_sensor,fedavg,full,22,0.3,0.6,0.0005,0.265681505203247,0.0378084480762481,7.4304,0.060736,18.727839221999602,0.0,0.0,0.0,1.0,0.0,0.0,0.0,0.0,0.9963471882482694
main,intel_sensor_fedavg_33,intel_sensor,fedavg,full,33,0.3,0.6,0.0005,0.2545244395732879,0.0366287715733051,7.4304,0.060736,15.634635226000682,0.0,0.0,0.0,1.0,0.0,0.0,0.0,0.0,0.9951974046234598
main,intel_sensor_fedavg_44,intel_sensor,fedavg,full,44,0.3,0.6,0.0005,0.1859708726406097,0.0463465973734855,7.4304,0.060736,16.246778569000526,0.0,0.0,0.0,1.0,0.0,0.0,0.0,0.0,0.9963989710642971
main,intel_sensor_fedavg_55,intel_sensor,fedavg,full,55,0.3,0.6,0.0005,0.2385669499635696,0.0525539964437484,7.4304,0.060736,25.074252458000046,0.0,0.0,0.0,1.0,0.0,0.0,0.0,0.0,0.9964109217093183
main,intel_sensor_fedprox_11,intel_sensor,fedprox,full,11,0.3,0.6,0.0005,0.2351738214492797,0.0298730283975601,7.4304,0.060736,14.929028845000175,0.0,0.0,0.0,1.0,0.0,0.0,0.0,0.0,0.99610427920557
main,intel_sensor_fedprox_22,intel_sensor,fedprox,full,22,0.3,0.6,0.0005,0.2656856477260589,0.0378098078072071,7.4304,0.060736,18.540532386999985,0.0,0.0,0.0,1.0,0.0,0.0,0.0,0.0,0.9963471882482694
main,intel_sensor_fedprox_33,intel_sensor,fedprox,full,33,0.3,0.6,0.0005,0.2545284926891327,0.0366287790238857,7.4304,0.060736,16.83144409399938,0.0,0.0,0.0,1.0,0.0,0.0,0.0,0.0,0.9951974046234598
main,intel_sensor_fedprox_44,intel_sensor,fedprox,full,44,0.3,0.6,0.0005,0.1859736293554306,0.046347938477993,7.4304,0.060736,13.385061306999887,0.0,0.0,0.0,1.0,0.0,0.0,0.0,0.0,0.9963989710642971
main,intel_sensor_fedprox_55,intel_sensor,fedprox,full,55,0.3,0.6,0.0005,0.2385714948177337,0.0525578744709491,7.4304,0.060736,16.945038590999502,0.0,0.0,0.0,1.0,0.0,0.0,0.0,0.0,0.9964109217093183
main,intel_sensor_fmtl_11,intel_sensor,fmtl,full,11,0.3,0.6,0.0005,0.2370509207248687,0.0295297801494598,7.4304,0.060736,13.381142074999843,0.0,0.0,0.0,1.0,0.0,0.0,0.0,0.0,0.99610427920557
main,intel_sensor_fmtl_22,intel_sensor,fmtl,full,22,0.3,0.6,0.0005,0.2694089412689209,0.0378469489514827,7.4304,0.060736,15.960769612999684,0.0,0.0,0.0,1.0,0.0,0.0,0.0,0.0,0.9963471882482694
main,intel_sensor_fmtl_33,intel_sensor,fmtl,full,33,0.3,0.6,0.0005,0.2566510438919067,0.0367055684328079,7.4304,0.060736,14.989255569999841,0.0,0.0,0.0,1.0,0.0,0.0,0.0,0.0,0.9951974046234598
main,intel_sensor_fmtl_44,intel_sensor,fmtl,full,44,0.3,0.6,0.0005,0.1886754184961319,0.0455126576125621,7.4304,0.060736,15.263351737000448,0.0,0.0,0.0,1.0,0.0,0.0,0.0,0.0,0.9963989710642971
main,intel_sensor_fmtl_55,intel_sensor,fmtl,full,55,0.3,0.6,0.0005,0.2404026538133621,0.051904372870922,7.4304,0.060736,16.266529773000002,0.0,0.0,0.0,1.0,0.0,0.0,0.0,0.0,0.9964109217093183
main,intel_sensor_scaffold_11,intel_sensor,scaffold,full,11,0.3,0.6,0.0005,0.232746347784996,0.029428007081151,7.4304,0.060736,15.761823138000182,0.0,0.0,0.0,1.0,0.0,0.0,0.0,0.0,0.99610427920557
main,intel_sensor_scaffold_22,intel_sensor,scaffold,full,22,0.3,0.6,0.0005,0.2645967006683349,0.0362854376435279,7.4304,0.060736,15.561544135999611,0.0,0.0,0.0,1.0,0.0,0.0,0.0,0.0,0.9963471882482694
main,intel_sensor_scaffold_33,intel_sensor,scaffold,full,33,0.3,0.6,0.0005,0.2524117827415466,0.03636409714818,7.4304,0.060736,15.183041848000357,0.0,0.0,0.0,1.0,0.0,0.0,0.0,0.0,0.9951974046234598
main,intel_sensor_scaffold_44,intel_sensor,scaffold,full,44,0.3,0.6,0.0005,0.1838239431381225,0.0456849075853824,7.4304,0.060736,15.059458437000103,0.0,0.0,0.0,1.0,0.0,0.0,0.0,0.0,0.9963989710642971
main,intel_sensor_scaffold_55,intel_sensor,scaffold,full,55,0.3,0.6,0.0005,0.2338668704032898,0.0500222034752368,7.4304,0.060736,18.215367911000612,0.0,0.0,0.0,1.0,0.0,0.0,0.0,0.0,0.9964109217093183
main,intel_sensor_topksgd_11,intel_sensor,topksgd,full,11,0.3,0.6,0.0005,0.2352126091718673,0.0298446770757436,3.2688,0.060736,17.17510753999977,0.0,0.0,0.0,1.0,0.0,0.0,0.0,0.0,0.99610427920557
main,intel_sensor_topksgd_22,intel_sensor,topksgd,full,22,0.3,0.6,0.0005,0.2660516500473022,0.0377200506627559,3.2688,0.060736,17.327926480000315,0.0,0.0,0.0,1.0,0.0,0.0,0.0,0.0,0.9963471882482694
main,intel_sensor_topksgd_33,intel_sensor,topksgd,full,33,0.3,0.6,0.0005,0.2546297311782837,0.0367316417396068,3.2688,0.060736,16.0306938599997,0.0,0.0,0.0,1.0,0.0,0.0,0.0,0.0,0.9951974046234598
main,intel_sensor_topksgd_44,intel_sensor,topksgd,full,44,0.3,0.6,0.0005,0.1863825470209121,0.0462712123990058,3.2688,0.060736,16.21106612099993,0.0,0.0,0.0,1.0,0.0,0.0,0.0,0.0,0.9963989710642971
main,intel_sensor_topksgd_55,intel_sensor,topksgd,full,55,0.3,0.6,0.0005,0.2389956265687942,0.0528369322419166,3.2688,0.060736,17.969220136999866,0.0,0.0,0.0,1.0,0.0,0.0,0.0,0.0,0.9964109217093183
main,uci_har_fedavg_11,uci_har,fedavg,full,11,0.3,0.6,0.0005,0.8724126230064473,0.999660671869698,521.856,5.84192,11.700372074999905,0.0,0.0,0.0,1.0,0.0,0.0,0.0,0.0,0.9917841094146025
main,uci_har_fedavg_22,uci_har,fedavg,full,22,0.3,0.6,0.0005,0.8649474041398032,0.999321343739396,521.856,5.84192,10.911005101999763,0.0,0.0,0.0,1.0,0.0,0.0,0.0,0.0,0.9910529938059188
main,uci_har_fedavg_33,uci_har,fedavg,full,33,0.3,0.6,0.0005,0.8513742789277231,0.999321343739396,521.856,5.84192,11.54125263900005,0.0,0.0,0.0,1.0,0.0,0.0,0.0,0.0,0.991547364748655
main,uci_har_fedavg_44,uci_har,fedavg,full,44,0.3,0.6,0.0005,0.8564642008822532,1.0,521.856,5.84192,10.982432626000445,0.0,0.0,0.0,1.0,0.0,0.0,0.0,0.0,0.990322955319318
main,uci_har_fedavg_55,uci_har,fedavg,full,55,0.3,0.6,0.0005,0.8724126230064473,0.999660671869698,521.856,5.84192,11.122448560000521,0.0,0.0,0.0,1.0,0.0,0.0,0.0,0.0,0.9938406419474368
main,uci_har_fedprox_11,uci_har,fedprox,full,11,0.3,0.6,0.0005,0.8724126230064473,0.999660671869698,521.856,5.84192,14.040211384000031,0.0,0.0,0.0,1.0,0.0,0.0,0.0,0.0,0.9917841094146025
main,uci_har_fedprox_22,uci_har,fedprox,full,22,0.3,0.6,0.0005,0.8649474041398032,0.999321343739396,521.856,5.84192,16.64846207299979,0.0,0.0,0.0,1.0,0.0,0.0,0.0,0.0,0.9910529938059188
main,uci_har_fedprox_33,uci_har,fedprox,full,33,0.3,0.6,0.0005,0.8513742789277231,0.999321343739396,521.856,5.84192,13.282752587999312,0.0,0.0,0.0,1.0,0.0,0.0,0.0,0.0,0.991547364748655
main,uci_har_fedprox_44,uci_har,fedprox,full,44,0.3,0.6,0.0005,0.8564642008822532,1.0,521.856,5.84192,15.381154788999993,0.0,0.0,0.0,1.0,0.0,0.0,0.0,0.0,0.990322955319318
main,uci_har_fedprox_55,uci_har,fedprox,full,55,0.3,0.6,0.0005,0.8720732948761453,0.999660671869698,521.856,5.84192,14.085094119000132,0.0,0.0,0.0,1.0,0.0,0.0,0.0,0.0,0.9938406419474368
main,uci_har_fmtl_11,uci_har,fmtl,full,11,0.3,0.6,0.0005,0.8713946386155412,0.999660671869698,521.856,5.84192,11.245048257000235,0.0,0.0,0.0,1.0,0.0,0.0,0.0,0.0,0.9917841094146025
main,uci_har_fmtl_22,uci_har,fmtl,full,22,0.3,0.6,0.0005,0.8639294197488971,0.999321343739396,521.856,5.84192,8.458731437000097,0.0,0.0,0.0,1.0,0.0,0.0,0.0,0.0,0.9910529938059188
main,uci_har_fmtl_33,uci_har,fmtl,full,33,0.3,0.6,0.0005,0.8513742789277231,0.999321343739396,521.856,5.84192,10.90572963700015,0.0,0.0,0.0,1.0,0.0,0.0,0.0,0.0,0.991547364748655
main,uci_har_fmtl_44,uci_har,fmtl,full,44,0.3,0.6,0.0005,0.8530709195792331,1.0,521.856,5.84192,11.624131601000045,0.0,0.0,0.0,1.0,0.0,0.0,0.0,0.0,0.990322955319318
main,uci_har_fmtl_55,uci_har,fmtl,full,55,0.3,0.6,0.0005,0.8707159823549372,0.999660671869698,521.856,5.84192,13.53995203500017,0.0,0.0,0.0,1.0,0.0,0.0,0.0,0.0,0.9938406419474368
main,uci_har_scaffold_11,uci_har,scaffold,full,11,0.3,0.6,0.0005,0.8788598574821853,0.999660671869698,521.856,5.84192,14.410150269999576,0.0,0.0,0.0,1.0,0.0,0.0,0.0,0.0,0.9917841094146025
main,uci_har_scaffold_22,uci_har,scaffold,full,22,0.3,0.6,0.0005,0.8642687478791992,0.998982015609094,521.856,5.84192,15.171771874000115,0.0,0.0,0.0,1.0,0.0,0.0,0.0,0.0,0.9910529938059188
main,uci_har_scaffold_33,uci_har,scaffold,full,33,0.3,0.6,0.0005,0.8489989820156091,0.998642687478792,521.856,5.84192,12.903925722000167,0.0,0.0,0.0,1.0,0.0,0.0,0.0,0.0,0.991547364748655
main,uci_har_scaffold_44,uci_har,scaffold,full,44,0.3,0.6,0.0005,0.8523922633186292,1.0,521.856,5.84192,15.5974912519996,0.0,0.0,0.0,1.0,0.0,0.0,0.0,0.0,0.990322955319318
main,uci_har_scaffold_55,uci_har,scaffold,full,55,0.3,0.6,0.0005,0.8690193417034272,0.999660671869698,521.856,5.84192,12.811173127000075,0.0,0.0,0.0,1.0,0.0,0.0,0.0,0.0,0.9938406419474368
main,uci_har_topksgd_11,uci_har,topksgd,full,11,0.3,0.6,0.0005,0.8703766542246352,0.999660671869698,226.9008,5.84192,35.161268433999794,0.0,0.0,0.0,1.0,0.0,0.0,0.0,0.0,0.9917841094146025
main,uci_har_topksgd_22,uci_har,topksgd,full,22,0.3,0.6,0.0005,0.8632507634882932,0.999321343739396,226.9008,5.84192,25.82216075499946,0.0,0.0,0.0,1.0,0.0,0.0,0.0,0.0,0.9910529938059188
main,uci_har_topksgd_33,uci_har,topksgd,full,33,0.3,0.6,0.0005,0.8517136070580251,0.999321343739396,226.9008,5.84192,28.85581268200076,0.0,0.0,0.0,1.0,0.0,0.0,0.0,0.0,0.991547364748655
main,uci_har_topksgd_44,uci_har,topksgd,full,44,0.3,0.6,0.0005,0.8564642008822532,1.0,226.9008,5.84192,29.081787084000098,0.0,0.0,0.0,1.0,0.0,0.0,0.0,0.0,0.990322955319318
main,uci_har_topksgd_55,uci_har,topksgd,full,55,0.3,0.6,0.0005,0.8720732948761453,0.999660671869698,226.9008,5.84192,28.044079507000788,0.0,0.0,0.0,1.0,0.0,0.0,0.0,0.0,0.9938406419474368
main,cwru_proposed_11,cwru,proposed,full,11,0.3,0.6,0.0005,0.9739921976592978,0.918075422626788,13.032,0.36352,44.158147729999996,0.0,0.0,-0.07648214398096971,1.0,0.9523809523809526,1.5151765018922554,0.3958556307323378,0.1544798165559768,0.5699870169623914
main,cwru_proposed_22,cwru,proposed,full,22,0.3,0.6,0.0005,0.9856957087126138,0.8946684005201561,13.032,0.36352,6.700098504000039,0.0,0.0,-0.020849091941174312,1.0,0.9523809523809526,1.2143403491731453,0.3924538413656077,0.144605204463005,0.6149221098660836
main,cwru_proposed_33,cwru,proposed,full,33,0.3,0.6,0.0005,0.9037711313394018,0.9141742522756828,13.032,0.36352,6.588632293000046,0.0,0.0,-0.1226011351961614,1.0,0.9523809523809526,1.3650117200268392,0.404170047214421,0.1691080927848816,0.5873321163715202
main,cwru_proposed_44,cwru,proposed,full,44,0.3,0.6,0.0005,0.929778933680104,0.9167750325097528,13.032,0.36352,11.207872813999984,0.0,0.0,-0.05959015475631453,1.0,0.9523809523809526,1.2266065606586063,0.2928310820244405,0.1391077786684036,0.6005126598818621
main,cwru_proposed_55,cwru,proposed,full,55,0.3,0.6,0.0005,0.9934980494148244,0.906371911573472,13.032,0.36352,11.697528290000037,0.0,0.0,-0.03871865469523731,1.0,0.9523809523809526,1.1528837125224158,0.3536981436325436,0.1347158849239349,0.5971502662294937
main,intel_sensor_proposed_11,intel_sensor,proposed,full,11,0.3,0.6,0.0005,0.2041969448328018,0.0264149475842714,3.2688,0.060736,197.32945292600004,0.0,0.0,-0.05168286049558965,1.0,0.9523809523809526,0.7111312178101213,0.0416952415384383,0.0495038405060768,0.7212728060784598
main,intel_sensor_proposed_22,intel_sensor,proposed,full,22,0.3,0.6,0.0005,0.24064502120018,0.034254141151905,3.2688,0.060736,202.77480509399993,0.0,0.0,0.003170862983014186,1.0,0.9523809523809526,0.8143913382078136,0.0854424887373081,0.0469743236899375,0.6941877842232971
main,intel_sensor_proposed_33,intel_sensor,proposed,full,33,0.3,0.6,0.0005,0.2386353760957718,0.0416991636157035,3.2688,0.060736,198.5839664570001,0.0,0.0,-0.005271605106112711,1.0,0.9523809523809526,0.8190566047562863,0.0202444559292475,0.0423204153776168,0.7285947464945653
main,intel_sensor_proposed_44,intel_sensor,proposed,full,44,0.3,0.6,0.0005,0.1651689112186432,0.0432447828352451,3.2688,0.060736,13.191447657000026,0.0,0.0,-0.03565082643367404,1.0,0.9523809523809526,1.0535409286001933,0.0558487088952791,0.050819743424654,0.7138613476358245
main,intel_sensor_proposed_55,intel_sensor,proposed,full,55,0.3,0.6,0.0005,0.2085681706666946,0.0386354327201843,3.2688,0.060736,13.697206406000078,0.0,0.0,-0.003769286391993451,1.0,0.9523809523809526,0.9812712536502571,0.0953658513962113,0.0577703192830085,0.734680383421529
main,uci_har_proposed_11,uci_har,proposed,full,11,0.3,0.6,0.0005,0.8819138106549033,0.999660671869698,226.9008,5.84192,188.60765313800005,0.0,0.0,-0.10845056668151784,1.0,0.9523809523809526,2.50730625101631,0.7216973179755204,0.1845818608999252,0.6372320527722545
main,uci_har_proposed_22,uci_har,proposed,full,22,0.3,0.6,0.0005,0.8659653885307091,0.999321343739396,226.9008,5.84192,85.59098706100008,0.0,0.0,-0.025376884428201126,1.0,0.9523809523809526,2.653425416536585,0.767553962862776,0.2670641243457794,0.701508242721852
main,uci_har_proposed_33,uci_har,proposed,full,33,0.3,0.6,0.0005,0.8581608415337632,0.999321343739396,226.9008,5.84192,96.13933633499983,0.0,0.0,-0.08907057165123732,1.0,0.9523809523809526,2.11954160065413,0.7672479530154024,0.2049895226955413,0.6666337464816552
main,uci_har_proposed_44,uci_har,proposed,full,44,0.3,0.6,0.0005,0.8612147947064812,0.999660671869698,226.9008,5.84192,94.51155075100019,0.0,0.0,-0.11535482035257422,1.0,0.9523809523809526,2.900640655009429,0.7872368932882936,0.2516871094703674,0.6783280469804981
main,uci_har_proposed_55,uci_har,proposed,full,55,0.3,0.6,0.0005,0.8822531387852053,0.999660671869698,226.9008,5.84192,103.39128024399997,0.0,0.0,-0.05130767099959958,1.0,0.9523809523809526,2.480537840981781,0.7909435989806687,0.1813111901283264,0.6859363984528324
component,cwru_no_scheduler_11,cwru,proposed,no_scheduler,11,0.3,0.6,0.0005,0.9193758127438232,0.918075422626788,13.032,0.36352,7.0268665319999855,0.0,0.0,-0.06827527717016635,1.0,0.9523809523809526,1.136901621342345,0.2001561442798252,0.1568454951047897,0.9916323370080861
component,cwru_no_scheduler_22,cwru,proposed,no_scheduler,22,0.3,0.6,0.0005,0.9830949284785436,0.8907672301690507,13.032,0.36352,7.389822231999915,0.0,0.0,-0.015226123029074872,1.0,0.9523809523809526,0.9783260191964485,0.2427435379438947,0.1406921297311782,0.9929786601530536
component,cwru_no_scheduler_33,cwru,proposed,no_scheduler,33,0.3,0.6,0.0005,0.8582574772431729,0.9115734720416124,13.032,0.36352,7.272858907999762,0.0,0.0,-0.07893385096280321,1.0,0.9523809523809526,1.0973501496036637,0.2028146399728941,0.1689979285001754,0.9922883271366356
component,cwru_no_scheduler_44,cwru,proposed,no_scheduler,44,0.3,0.6,0.0005,0.9310793237971392,0.918075422626788,13.032,0.36352,7.159330803000103,0.0,0.0,-0.04287738041843231,1.0,0.9523809523809526,0.9776217304392856,0.1525609255564054,0.1426233947277069,0.9932556713672593
component,cwru_no_scheduler_55,cwru,proposed,no_scheduler,55,0.3,0.6,0.0005,0.9869960988296488,0.8647594278283485,13.032,0.36352,7.26256451900008,0.0,0.0,-0.039620674732220314,1.0,0.9523809523809526,0.9886398664301975,0.1827821649921637,0.1315764933824539,0.990871140878022
component,intel_sensor_no_scheduler_11,intel_sensor,proposed,no_scheduler,11,0.3,0.6,0.0005,0.2352126091718673,0.0298446770757436,3.2688,0.060736,30.869898703000217,0.0,0.0,-0.042476369097513234,1.0,0.9523809523809526,0.6793201101225212,0.0494611380438244,0.0520701706409454,0.99610427920557
component,intel_sensor_no_scheduler_22,intel_sensor,proposed,no_scheduler,22,0.3,0.6,0.0005,0.2660516500473022,0.0377200506627559,3.2688,0.060736,31.050592956999935,0.0,0.0,0.003971777620164142,1.0,0.9523809523809526,0.7760144896588541,0.0886894705080465,0.0550125166773796,0.9963471882482694
component,intel_sensor_no_scheduler_33,intel_sensor,proposed,no_scheduler,33,0.3,0.6,0.0005,0.2546297311782837,0.0367316417396068,3.2688,0.060736,30.218159726000067,0.0,0.0,-0.006879832967506565,1.0,0.9523809523809526,0.8110404426571792,0.0252507267379961,0.042561862617731,0.9951974046234598
component,intel_sensor_no_scheduler_44,intel_sensor,proposed,no_scheduler,44,0.3,0.6,0.0005,0.1863825470209121,0.0462712123990058,3.2688,0.060736,30.781666790000145,0.0,0.0,-0.028444744879782675,1.0,0.9523809523809526,1.0665352599434206,0.0869645016250359,0.055545799434185,0.9963989710642971
component,intel_sensor_no_scheduler_55,intel_sensor,proposed,no_scheduler,55,0.3,0.6,0.0005,0.2389956265687942,0.0528369322419166,3.2688,0.060736,30.369176759999846,0.0,0.0,0.0038691937623539026,1.0,0.9523809523809526,0.9151007778333735,0.0471216754660185,0.0626621693372726,0.9964109217093183
component,uci_har_no_scheduler_11,uci_har,proposed,no_scheduler,11,0.3,0.6,0.0005,0.8703766542246352,0.999660671869698,226.9008,5.84192,31.846249279999938,0.0,0.0,-0.09552835279014175,1.0,0.9523809523809526,2.276767429735261,0.5692013912094493,0.193007618188858,0.9917841094146025
component,uci_har_no_scheduler_22,uci_har,proposed,no_scheduler,22,0.3,0.6,0.0005,0.8632507634882932,0.999321343739396,226.9008,5.84192,31.43056842599981,0.0,0.0,-0.025574709709228455,1.0,0.9523809523809526,2.383586500646393,0.5166304208055226,0.2625505924224853,0.9910529938059188
component,uci_har_no_scheduler_33,uci_har,proposed,no_scheduler,33,0.3,0.6,0.0005,0.8517136070580251,0.999321343739396,226.9008,5.84192,31.170045071000004,0.0,0.0,-0.10056344503627065,1.0,0.9523809523809526,1.8586817313691693,0.6305285569138086,0.2004334330558776,0.991547364748655
component,uci_har_no_scheduler_44,uci_har,proposed,no_scheduler,44,0.3,0.6,0.0005,0.8564642008822532,1.0,226.9008,5.84192,31.16495838899982,0.0,0.0,-0.11393429750151664,1.0,0.9523809523809526,2.246917605848804,0.6341065604720298,0.2348961383104324,0.990322955319318
component,uci_har_no_scheduler_55,uci_har,proposed,no_scheduler,55,0.3,0.6,0.0005,0.8720732948761453,0.999660671869698,226.9008,5.84192,31.44818520600029,0.0,0.0,-0.06083460661927565,1.0,0.9523809523809526,2.3368284273466027,0.6145729119201415,0.1675374656915664,0.9938406419474368
component,cwru_full_11,cwru,proposed,full,11,0.3,0.6,0.0005,0.9739921976592978,0.918075422626788,13.032,0.36352,33.071189857000036,0.0,0.0,-0.07648214398096971,1.0,0.9523809523809526,1.5151765018922554,0.3958556307323378,0.1544798165559768,0.5699870169623914
component,cwru_full_22,cwru,proposed,full,22,0.3,0.6,0.0005,0.9856957087126138,0.8946684005201561,13.032,0.36352,25.04227622999997,0.0,0.0,-0.020849091941174312,1.0,0.9523809523809526,1.2143403491731453,0.3924538413656077,0.144605204463005,0.6149221098660836
component,cwru_full_33,cwru,proposed,full,33,0.3,0.6,0.0005,0.9037711313394018,0.9141742522756828,13.032,0.36352,11.523556428000006,0.0,0.0,-0.1226011351961614,1.0,0.9523809523809526,1.3650117200268392,0.404170047214421,0.1691080927848816,0.5873321163715202
component,cwru_full_44,cwru,proposed,full,44,0.3,0.6,0.0005,0.929778933680104,0.9167750325097528,13.032,0.36352,11.210069558999976,0.0,0.0,-0.05959015475631453,1.0,0.9523809523809526,1.2266065606586063,0.2928310820244405,0.1391077786684036,0.6005126598818621
component,cwru_full_55,cwru,proposed,full,55,0.3,0.6,0.0005,0.9934980494148244,0.906371911573472,13.032,0.36352,8.172316755999987,0.0,0.0,-0.03871865469523731,1.0,0.9523809523809526,1.1528837125224158,0.3536981436325436,0.1347158849239349,0.5971502662294937
component,cwru_no_ef_11,cwru,proposed,no_ef,11,0.3,0.6,0.0005,0.9687906371911572,0.9089726918075424,13.032,0.36352,35.01586222800006,0.0,0.0,-0.09156573996720808,1.0,0.9523809523809526,1.5670029975261188,0.4005350046794913,0.0,0.5733934806577036
component,cwru_no_ef_22,cwru,proposed,no_ef,22,0.3,0.6,0.0005,0.9869960988296488,0.8894668400520156,13.032,0.36352,15.649216518999992,0.0,0.0,-0.02468510829230297,1.0,0.9523809523809526,1.2334691042888486,0.4181814436757238,0.0,0.6076735667625065
component,cwru_no_ef_33,cwru,proposed,no_ef,33,0.3,0.6,0.0005,0.881664499349805,0.9141742522756828,13.032,0.36352,18.06397597499995,0.0,0.0,-0.11684065501882653,1.0,0.9523809523809526,1.3807409639827397,0.4948070084506361,0.0,0.5884842353428374
component,cwru_no_ef_44,cwru,proposed,no_ef,44,0.3,0.6,0.0005,0.9284785435630688,0.918075422626788,13.032,0.36352,7.696499076000009,0.0,0.0,-0.05391433174291518,1.0,0.9523809523809526,1.2308000374131958,0.2982091111937508,0.0,0.5999788896316611
component,cwru_no_ef_55,cwru,proposed,no_ef,55,0.3,0.6,0.0005,0.9947984395318596,0.906371911573472,13.032,0.36352,14.610701227999925,0.0,0.0,-0.007427866213025676,1.0,0.9523809523809526,1.1740885772208298,0.3499316581568401,0.0,0.5923000987166831
component,cwru_no_freeze_11,cwru,proposed,no_freeze,11,0.3,0.6,0.0005,0.9739921976592978,0.918075422626788,13.032,0.36352,14.769562169999972,0.0,0.0,-0.07648214398096971,1.0,0.9523809523809526,1.5151765018922554,0.3958556307323378,0.1544798165559768,0.5699870169623914
component,cwru_no_freeze_22,cwru,proposed,no_freeze,22,0.3,0.6,0.0005,0.9856957087126138,0.8946684005201561,13.032,0.36352,14.7107626290001,0.0,0.0,-0.020849091941174312,1.0,0.9523809523809526,1.2143403491731453,0.3924538413656077,0.144605204463005,0.6149221098660836
component,cwru_no_freeze_33,cwru,proposed,no_freeze,33,0.3,0.6,0.0005,0.9037711313394018,0.9141742522756828,13.032,0.36352,26.839667663,0.0,0.0,-0.1226011351961614,1.0,0.9523809523809526,1.3650117200268392,0.404170047214421,0.1691080927848816,0.5873321163715202
component,cwru_no_freeze_44,cwru,proposed,no_freeze,44,0.3,0.6,0.0005,0.929778933680104,0.9167750325097528,13.032,0.36352,25.044853301000103,0.0,0.0,-0.05959015475631453,1.0,0.9523809523809526,1.2266065606586063,0.2928310820244405,0.1391077786684036,0.6005126598818621
component,cwru_no_freeze_55,cwru,proposed,no_freeze,55,0.3,0.6,0.0005,0.9934980494148244,0.906371911573472,13.032,0.36352,23.133806367000034,0.0,0.0,-0.03871865469523731,1.0,0.9523809523809526,1.1528837125224158,0.3536981436325436,0.1347158849239349,0.5971502662294937
component,cwru_no_taskaware_11,cwru,proposed,no_taskaware,11,0.3,0.6,0.0005,0.9739921976592978,0.918075422626788,13.032,0.36352,16.401383197999962,0.0,0.0,-0.07648214398096971,1.0,0.9523809523809526,1.5151765018922554,0.3958556307323378,0.1544798165559768,0.5699870169623914
component,cwru_no_taskaware_22,cwru,proposed,no_taskaware,22,0.3,0.6,0.0005,0.9856957087126138,0.8946684005201561,13.032,0.36352,28.320158464999963,0.0,0.0,-0.020849091941174312,1.0,0.9523809523809526,1.2143403491731453,0.3924538413656077,0.144605204463005,0.6149221098660836
component,cwru_no_taskaware_33,cwru,proposed,no_taskaware,33,0.3,0.6,0.0005,0.9037711313394018,0.9141742522756828,13.032,0.36352,23.354824580000013,0.0,0.0,-0.1226011351961614,1.0,0.9523809523809526,1.3650117200268392,0.404170047214421,0.1691080927848816,0.5873321163715202
component,cwru_no_taskaware_44,cwru,proposed,no_taskaware,44,0.3,0.6,0.0005,0.929778933680104,0.9167750325097528,13.032,0.36352,22.66492430300002,0.0,0.0,-0.05959015475631453,1.0,0.9523809523809526,1.2266065606586063,0.2928310820244405,0.1391077786684036,0.6005126598818621
component,cwru_no_taskaware_55,cwru,proposed,no_taskaware,55,0.3,0.6,0.0005,0.9934980494148244,0.906371911573472,13.032,0.36352,36.8838118000001,0.0,0.0,-0.03871865469523731,1.0,0.9523809523809526,1.1528837125224158,0.3536981436325436,0.1347158849239349,0.5971502662294937
component,intel_sensor_full_11,intel_sensor,proposed,full,11,0.3,0.6,0.0005,0.2041969448328018,0.0264149475842714,3.2688,0.060736,226.5991760280001,0.0,0.0,-0.05168286049558965,1.0,0.9523809523809526,0.7111312178101213,0.0416952415384383,0.0495038405060768,0.7212728060784598
component,intel_sensor_full_22,intel_sensor,proposed,full,22,0.3,0.6,0.0005,0.24064502120018,0.034254141151905,3.2688,0.060736,194.96089276600014,0.0,0.0,0.003170862983014186,1.0,0.9523809523809526,0.8143913382078136,0.0854424887373081,0.0469743236899375,0.6941877842232971
component,intel_sensor_full_33,intel_sensor,proposed,full,33,0.3,0.6,0.0005,0.2386353760957718,0.0416991636157035,3.2688,0.060736,187.83184813699995,0.0,0.0,-0.005271605106112711,1.0,0.9523809523809526,0.8190566047562863,0.0202444559292475,0.0423204153776168,0.7285947464945653
component,intel_sensor_full_44,intel_sensor,proposed,full,44,0.3,0.6,0.0005,0.1651689112186432,0.0432447828352451,3.2688,0.060736,12.333446003000063,0.0,0.0,-0.03565082643367404,1.0,0.9523809523809526,1.0535409286001933,0.0558487088952791,0.050819743424654,0.7138613476358245
component,intel_sensor_full_55,intel_sensor,proposed,full,55,0.3,0.6,0.0005,0.2085681706666946,0.0386354327201843,3.2688,0.060736,12.22060284700001,0.0,0.0,-0.003769286391993451,1.0,0.9523809523809526,0.9812712536502571,0.0953658513962113,0.0577703192830085,0.734680383421529
component,intel_sensor_no_ef_11,intel_sensor,proposed,no_ef,11,0.3,0.6,0.0005,0.1999429315328598,0.0250056385993957,3.2688,0.060736,13.578322144999902,0.0,0.0,-0.049020915392713124,1.0,0.9523809523809526,0.7145284565669964,0.0307350592927715,0.0,0.7210964672393523
component,intel_sensor_no_ef_22,intel_sensor,proposed,no_ef,22,0.3,0.6,0.0005,0.2501609325408935,0.0344770848751068,3.2688,0.060736,14.83471134599995,0.0,0.0,0.008630962235563493,1.0,0.9523809523809526,0.8624792586519868,0.0861629644038659,0.0,0.7243038132583813
component,intel_sensor_no_ef_33,intel_sensor,proposed,no_ef,33,0.3,0.6,0.0005,0.2307139337062835,0.0389550365507602,3.2688,0.060736,13.771821767999882,0.0,0.0,-0.0062028120976861684,1.0,0.9523809523809526,0.8297212343319813,0.0257165080617495,0.0,0.7062342391514029
component,intel_sensor_no_ef_44,intel_sensor,proposed,no_ef,44,0.3,0.6,0.0005,0.1742472499608993,0.0446494445204734,3.2688,0.060736,12.855278215999988,0.0,0.0,-0.031277417113703895,1.0,0.9523809523809526,1.092289242225781,0.1228406555237056,0.0,0.7356236658306894
component,intel_sensor_no_ef_55,intel_sensor,proposed,no_ef,55,0.3,0.6,0.0005,0.2252443581819534,0.0477806404232978,3.2688,0.060736,12.725412611000138,0.0,0.0,-0.013235298069233863,1.0,0.9523809523809526,1.0239387697519446,0.085256589986509,0.0,0.7374291376688021
component,intel_sensor_no_freeze_11,intel_sensor,proposed,no_freeze,11,0.3,0.6,0.0005,0.2041969448328018,0.0264149475842714,3.2688,0.060736,12.218806488999917,0.0,0.0,-0.05168286049558965,1.0,0.9523809523809526,0.7111312178101213,0.0416952415384383,0.0495038405060768,0.7212728060784598
component,intel_sensor_no_freeze_22,intel_sensor,proposed,no_freeze,22,0.3,0.6,0.0005,0.24064502120018,0.034254141151905,3.2688,0.060736,12.753550011000016,0.0,0.0,0.003170862983014186,1.0,0.9523809523809526,0.8143913382078136,0.0854424887373081,0.0469743236899375,0.6941877842232971
component,intel_sensor_no_freeze_33,intel_sensor,proposed,no_freeze,33,0.3,0.6,0.0005,0.2386353760957718,0.0416991636157035,3.2688,0.060736,13.20827040600011,0.0,0.0,-0.005271605106112711,1.0,0.9523809523809526,0.8190566047562863,0.0202444559292475,0.0423204153776168,0.7285947464945653
component,intel_sensor_no_freeze_44,intel_sensor,proposed,no_freeze,44,0.3,0.6,0.0005,0.1651689112186432,0.0432447828352451,3.2688,0.060736,12.35690435399988,0.0,0.0,-0.03565082643367404,1.0,0.9523809523809526,1.0535409286001933,0.0558487088952791,0.050819743424654,0.7138613476358245
component,intel_sensor_no_freeze_55,intel_sensor,proposed,no_freeze,55,0.3,0.6,0.0005,0.2085681706666946,0.0386354327201843,3.2688,0.060736,12.144765330000155,0.0,0.0,-0.003769286391993451,1.0,0.9523809523809526,0.9812712536502571,0.0953658513962113,0.0577703192830085,0.734680383421529
component,intel_sensor_no_taskaware_11,intel_sensor,proposed,no_taskaware,11,0.3,0.6,0.0005,0.2041969448328018,0.0264149475842714,3.2688,0.060736,13.497389887000054,0.0,0.0,-0.05168286049558965,1.0,0.9523809523809526,0.7111312178101213,0.0416952415384383,0.0495038405060768,0.7212728060784598
component,intel_sensor_no_taskaware_22,intel_sensor,proposed,no_taskaware,22,0.3,0.6,0.0005,0.24064502120018,0.034254141151905,3.2688,0.060736,13.580875751999884,0.0,0.0,0.003170862983014186,1.0,0.9523809523809526,0.8143913382078136,0.0854424887373081,0.0469743236899375,0.6941877842232971
component,intel_sensor_no_taskaware_33,intel_sensor,proposed,no_taskaware,33,0.3,0.6,0.0005,0.2386353760957718,0.0416991636157035,3.2688,0.060736,13.583920055999897,0.0,0.0,-0.005271605106112711,1.0,0.9523809523809526,0.8190566047562863,0.0202444559292475,0.0423204153776168,0.7285947464945653
component,intel_sensor_no_taskaware_44,intel_sensor,proposed,no_taskaware,44,0.3,0.6,0.0005,0.1651689112186432,0.0432447828352451,3.2688,0.060736,13.59202726400008,0.0,0.0,-0.03565082643367404,1.0,0.9523809523809526,1.0535409286001933,0.0558487088952791,0.050819743424654,0.7138613476358245
component,intel_sensor_no_taskaware_55,intel_sensor,proposed,no_taskaware,55,0.3,0.6,0.0005,0.2085681706666946,0.0386354327201843,3.2688,0.060736,14.19035087300017,0.0,0.0,-0.003769286391993451,1.0,0.9523809523809526,0.9812712536502571,0.0953658513962113,0.0577703192830085,0.734680383421529
component,uci_har_full_11,uci_har,proposed,full,11,0.3,0.6,0.0005,0.8819138106549033,0.999660671869698,226.9008,5.84192,252.44113940400007,0.0,0.0,-0.10845056668151784,1.0,0.9523809523809526,2.50730625101631,0.7216973179755204,0.1845818608999252,0.6372320527722545
component,uci_har_full_22,uci_har,proposed,full,22,0.3,0.6,0.0005,0.8659653885307091,0.999321343739396,226.9008,5.84192,153.7669533799999,0.0,0.0,-0.025376884428201126,1.0,0.9523809523809526,2.653425416536585,0.767553962862776,0.2670641243457794,0.701508242721852
component,uci_har_full_33,uci_har,proposed,full,33,0.3,0.6,0.0005,0.8581608415337632,0.999321343739396,226.9008,5.84192,186.2521227310001,0.0,0.0,-0.08907057165123732,1.0,0.9523809523809526,2.11954160065413,0.7672479530154024,0.2049895226955413,0.6666337464816552
component,uci_har_full_44,uci_har,proposed,full,44,0.3,0.6,0.0005,0.8612147947064812,0.999660671869698,226.9008,5.84192,115.54159719899985,0.0,0.0,-0.11535482035257422,1.0,0.9523809523809526,2.900640655009429,0.7872368932882936,0.2516871094703674,0.6783280469804981
component,uci_har_full_55,uci_har,proposed,full,55,0.3,0.6,0.0005,0.8822531387852053,0.999660671869698,226.9008,5.84192,20.418076719999817,0.0,0.0,-0.05130767099959958,1.0,0.9523809523809526,2.480537840981781,0.7909435989806687,0.1813111901283264,0.6859363984528324
component,uci_har_no_ef_11,uci_har,proposed,no_ef,11,0.3,0.6,0.0005,0.8795385137427892,0.999660671869698,226.9008,5.84192,20.27569870100001,0.0,0.0,-0.12369877060718602,1.0,0.9523809523809526,2.5962656290704196,0.5919555137412216,0.0,0.6442312472038574
component,uci_har_no_ef_22,uci_har,proposed,no_ef,22,0.3,0.6,0.0005,0.8629114353579912,0.998982015609094,226.179273,5.84192,21.576794866,0.0,0.0,-0.005494072594616221,0.9968186888970022,0.9523809523809526,2.7385241579696666,0.692836823684314,0.0,0.6915422673195053
component,uci_har_no_ef_33,uci_har,proposed,no_ef,33,0.3,0.6,0.0005,0.8574821852731591,0.998982015609094,226.9008,5.84192,19.355356509999865,0.0,0.0,-0.10825651248268434,1.0,0.9523809523809526,2.0425068595923355,0.7230949801947126,0.0,0.673222971863851
component,uci_har_no_ef_44,uci_har,proposed,no_ef,44,0.3,0.6,0.0005,0.8527315914489311,0.999660671869698,226.9008,5.84192,18.42807989999983,0.0,0.0,-0.12641087299093154,1.0,0.9523809523809526,3.206575863126115,0.9160715150128242,0.0,0.6963025047548435
component,uci_har_no_ef_55,uci_har,proposed,no_ef,55,0.3,0.6,0.0005,0.8737699355276553,0.999660671869698,226.9008,5.84192,19.06507641799999,0.0,0.0,-0.06258868974312538,1.0,0.9523809523809526,2.539527214805487,0.8034738028661036,0.0,0.7060330963909506
component,uci_har_no_freeze_11,uci_har,proposed,no_freeze,11,0.3,0.6,0.0005,0.8819138106549033,0.999660671869698,226.9008,5.84192,19.867441984999914,0.0,0.0,-0.10845056668151784,1.0,0.9523809523809526,2.50730625101631,0.7216973179755204,0.1845818608999252,0.6372320527722545
component,uci_har_no_freeze_22,uci_har,proposed,no_freeze,22,0.3,0.6,0.0005,0.8659653885307091,0.999321343739396,226.9008,5.84192,19.599275060999844,0.0,0.0,-0.025376884428201126,1.0,0.9523809523809526,2.653425416536585,0.767553962862776,0.2670641243457794,0.701508242721852
component,uci_har_no_freeze_33,uci_har,proposed,no_freeze,33,0.3,0.6,0.0005,0.8581608415337632,0.999321343739396,226.9008,5.84192,20.3805455050001,0.0,0.0,-0.08907057165123732,1.0,0.9523809523809526,2.11954160065413,0.7672479530154024,0.2049895226955413,0.6666337464816552
component,uci_har_no_freeze_44,uci_har,proposed,no_freeze,44,0.3,0.6,0.0005,0.8612147947064812,0.999660671869698,226.9008,5.84192,19.978666521999912,0.0,0.0,-0.11535482035257422,1.0,0.9523809523809526,2.900640655009429,0.7872368932882936,0.2516871094703674,0.6783280469804981
component,uci_har_no_freeze_55,uci_har,proposed,no_freeze,55,0.3,0.6,0.0005,0.8822531387852053,0.999660671869698,226.9008,5.84192,19.005097231000036,0.0,0.0,-0.05130767099959958,1.0,0.9523809523809526,2.480537840981781,0.7909435989806687,0.1813111901283264,0.6859363984528324
component,uci_har_no_taskaware_11,uci_har,proposed,no_taskaware,11,0.3,0.6,0.0005,0.8819138106549033,0.999660671869698,226.9008,5.84192,19.670736743000134,0.0,0.0,-0.10845056668151784,1.0,0.9523809523809526,2.50730625101631,0.7216973179755204,0.1845818608999252,0.6372320527722545
component,uci_har_no_taskaware_22,uci_har,proposed,no_taskaware,22,0.3,0.6,0.0005,0.8659653885307091,0.999321343739396,226.9008,5.84192,19.21468853800002,0.0,0.0,-0.025376884428201126,1.0,0.9523809523809526,2.653425416536585,0.767553962862776,0.2670641243457794,0.701508242721852
component,uci_har_no_taskaware_33,uci_har,proposed,no_taskaware,33,0.3,0.6,0.0005,0.8581608415337632,0.999321343739396,226.9008,5.84192,19.365399325999988,0.0,0.0,-0.08907057165123732,1.0,0.9523809523809526,2.11954160065413,0.7672479530154024,0.2049895226955413,0.6666337464816552
component,uci_har_no_taskaware_44,uci_har,proposed,no_taskaware,44,0.3,0.6,0.0005,0.8612147947064812,0.999660671869698,226.9008,5.84192,19.65856792799991,0.0,0.0,-0.11535482035257422,1.0,0.9523809523809526,2.900640655009429,0.7872368932882936,0.2516871094703674,0.6783280469804981
component,uci_har_no_taskaware_55,uci_har,proposed,no_taskaware,55,0.3,0.6,0.0005,0.8822531387852053,0.999660671869698,226.9008,5.84192,20.591989386000023,0.0,0.0,-0.05130767099959958,1.0,0.9523809523809526,2.480537840981781,0.7909435989806687,0.1813111901283264,0.6859363984528324
rho,cwru_rho0.1_11,cwru,proposed,full,11,0.1,0.6,0.0005,0.9778933680104032,0.9141742522756828,4.4208,0.36352,14.809742540000002,0.0,0.0,-0.027187343555039867,1.0,0.9523809523809526,1.5253998075688335,0.3919879711578218,0.6988280415534973,0.5835787426039499
rho,cwru_rho0.1_22,cwru,proposed,full,22,0.1,0.6,0.0005,0.9830949284785436,0.8946684005201561,4.4208,0.36352,11.705350860999943,0.0,0.0,-0.01148778213538416,1.0,0.9523809523809526,1.215130748379343,0.4277873667674887,0.6489158868789673,0.6134992558481248
rho,cwru_rho0.1_33,cwru,proposed,full,33,0.1,0.6,0.0005,0.8959687906371911,0.9154746423927178,4.4208,0.36352,7.9788293649999105,0.0,0.0,-0.09798635442887442,1.0,0.9523809523809526,1.3706904194481808,0.4269198127754693,0.7248905301094055,0.5952173186194633
rho,cwru_rho0.1_44,cwru,proposed,full,44,0.1,0.6,0.0005,0.9284785435630688,0.9167750325097528,4.4208,0.36352,25.003238484000008,0.0,0.0,-0.04558728670243735,1.0,0.9523809523809526,1.224975745605878,0.2744052129616044,0.6286078691482544,0.603207050820194
rho,cwru_rho0.1_55,cwru,proposed,full,55,0.1,0.6,0.0005,0.9934980494148244,0.9050715214564368,4.4208,0.36352,24.834398373,0.0,0.0,-0.022061720442223442,1.0,0.9523809523809526,1.156998432545605,0.3542411812398676,0.6080406308174133,0.5898534287051079
rho,cwru_rho0.3_11,cwru,proposed,full,11,0.3,0.6,0.0005,0.9739921976592978,0.918075422626788,13.032,0.36352,23.76790685900005,0.0,0.0,-0.07648214398096971,1.0,0.9523809523809526,1.5151765018922554,0.3958556307323378,0.1544798165559768,0.5699870169623914
rho,cwru_rho0.3_22,cwru,proposed,full,22,0.3,0.6,0.0005,0.9856957087126138,0.8946684005201561,13.032,0.36352,12.03763812200009,0.0,0.0,-0.020849091941174312,1.0,0.9523809523809526,1.2143403491731453,0.3924538413656077,0.144605204463005,0.6149221098660836
rho,cwru_rho0.3_33,cwru,proposed,full,33,0.3,0.6,0.0005,0.9037711313394018,0.9141742522756828,13.032,0.36352,11.852794323000012,0.0,0.0,-0.1226011351961614,1.0,0.9523809523809526,1.3650117200268392,0.404170047214421,0.1691080927848816,0.5873321163715202
rho,cwru_rho0.3_44,cwru,proposed,full,44,0.3,0.6,0.0005,0.929778933680104,0.9167750325097528,13.032,0.36352,10.793578282999988,0.0,0.0,-0.05959015475631453,1.0,0.9523809523809526,1.2266065606586063,0.2928310820244405,0.1391077786684036,0.6005126598818621
rho,cwru_rho0.3_55,cwru,proposed,full,55,0.3,0.6,0.0005,0.9934980494148244,0.906371911573472,13.032,0.36352,5.776466112000094,0.0,0.0,-0.03871865469523731,1.0,0.9523809523809526,1.1528837125224158,0.3536981436325436,0.1347158849239349,0.5971502662294937
rho,cwru_rho0.5_11,cwru,proposed,full,11,0.5,0.6,0.0005,0.976592977893368,0.9128738621586476,21.5712,0.36352,16.194175448999886,0.0,0.0,-0.0936141816255353,1.0,0.9523809523809526,1.5252781545535525,0.3872542968245882,0.051747940480709,0.5712724034875828
rho,cwru_rho0.5_22,cwru,proposed,full,22,0.5,0.6,0.0005,0.9856957087126138,0.8972691807542262,21.5712,0.36352,27.726844088999997,0.0,0.0,-0.022582205444773278,1.0,0.9523809523809526,1.212162338391863,0.3793382873361601,0.0461946874856948,0.6166061161998032
rho,cwru_rho0.5_33,cwru,proposed,full,33,0.5,0.6,0.0005,0.9128738621586476,0.9141742522756828,21.5712,0.36352,29.032204252000156,0.0,0.0,-0.13056641701056138,1.0,0.9523809523809526,1.3573576354782018,0.4296922168724183,0.0545726455748081,0.5906556094964296
rho,cwru_rho0.5_44,cwru,proposed,full,44,0.5,0.6,0.0005,0.9284785435630688,0.9167750325097528,21.5712,0.36352,36.11776279599985,0.0,0.0,-0.06603733869110659,1.0,0.9523809523809526,1.2288298260139137,0.2865756095778462,0.0472174547612667,0.6009726854204769
rho,cwru_rho0.5_55,cwru,proposed,full,55,0.5,0.6,0.0005,0.9934980494148244,0.906371911573472,21.5712,0.36352,39.67414030000009,0.0,0.0,-0.039182939874361396,1.0,0.9523809523809526,1.1523146125993828,0.3578417667679959,0.0441420897841453,0.5915776865660741
rho,intel_sensor_rho0.1_11,intel_sensor,proposed,full,11,0.1,0.6,0.0005,0.1981641054153442,0.0268176477402448,1.1808,0.060736,192.98670551399994,0.0,0.0,-0.056299818801820604,1.0,0.9523809523809526,0.7184725946310047,0.0487791706217651,0.2244379818439483,0.7157052911164407
rho,intel_sensor_rho0.1_22,intel_sensor,proposed,full,22,0.1,0.6,0.0005,0.2483371794223785,0.0347446352243423,1.1808,0.060736,196.18208409399995,0.0,0.0,0.0069361868127539835,1.0,0.9523809523809526,0.7987487947080893,0.0837247826693911,0.2253886461257934,0.6967105157055538
rho,intel_sensor_rho0.1_33,intel_sensor,proposed,full,33,0.1,0.6,0.0005,0.2411193400621414,0.0420308522880077,1.1808,0.060736,193.32435336899994,0.0,0.0,0.0012098848828480432,1.0,0.9523809523809526,0.8407542750596658,0.0229618805007888,0.19431072473526,0.7217939788347282
rho,intel_sensor_rho0.1_44,intel_sensor,proposed,full,44,0.1,0.6,0.0005,0.1722557246685028,0.0455372706055641,1.1808,0.060736,171.57233829100005,0.0,0.0,-0.024989981832861777,1.0,0.9523809523809526,1.0728075372916543,0.1004875532392577,0.244361937046051,0.741858701790776
rho,intel_sensor_rho0.1_55,intel_sensor,proposed,full,55,0.1,0.6,0.0005,0.2135986387729644,0.0400964356958866,1.1808,0.060736,14.205551315000093,0.0,0.0,0.012945900451488737,1.0,0.9523809523809526,0.9599516864677343,0.0329563618706972,0.2408160418272018,0.7336649997299706
rho,intel_sensor_rho0.3_11,intel_sensor,proposed,full,11,0.3,0.6,0.0005,0.2041969448328018,0.0264149475842714,3.2688,0.060736,14.272326956999905,0.0,0.0,-0.05168286049558965,1.0,0.9523809523809526,0.7111312178101213,0.0416952415384383,0.0495038405060768,0.7212728060784598
rho,intel_sensor_rho0.3_22,intel_sensor,proposed,full,22,0.3,0.6,0.0005,0.24064502120018,0.034254141151905,3.2688,0.060736,13.10268882399987,0.0,0.0,0.003170862983014186,1.0,0.9523809523809526,0.8143913382078136,0.0854424887373081,0.0469743236899375,0.6941877842232971
rho,intel_sensor_rho0.3_33,intel_sensor,proposed,full,33,0.3,0.6,0.0005,0.2386353760957718,0.0416991636157035,3.2688,0.060736,11.95294398100009,0.0,0.0,-0.005271605106112711,1.0,0.9523809523809526,0.8190566047562863,0.0202444559292475,0.0423204153776168,0.7285947464945653
rho,intel_sensor_rho0.3_44,intel_sensor,proposed,full,44,0.3,0.6,0.0005,0.1651689112186432,0.0432447828352451,3.2688,0.060736,12.615743408000071,0.0,0.0,-0.03565082643367404,1.0,0.9523809523809526,1.0535409286001933,0.0558487088952791,0.050819743424654,0.7138613476358245
rho,intel_sensor_rho0.3_55,intel_sensor,proposed,full,55,0.3,0.6,0.0005,0.2085681706666946,0.0386354327201843,3.2688,0.060736,12.3202720459999,0.0,0.0,-0.003769286391993451,1.0,0.9523809523809526,0.9812712536502571,0.0953658513962113,0.0577703192830085,0.734680383421529
rho,intel_sensor_rho0.5_11,intel_sensor,proposed,full,11,0.5,0.6,0.0005,0.2085595726966858,0.0267609059810638,5.3568,0.060736,12.604476551000062,0.0,0.0,-0.045252168123196004,1.0,0.9523809523809526,0.6997601904387012,0.027064361034689,0.020407436415553,0.7259208524461684
rho,intel_sensor_rho0.5_22,intel_sensor,proposed,full,22,0.5,0.6,0.0005,0.2372462749481201,0.0342618711292743,5.3568,0.060736,14.276094130000047,0.0,0.0,0.003972811700772367,1.0,0.9523809523809526,0.8231897692974385,0.0952448763307436,0.0174555554986,0.7273073376331264
rho,intel_sensor_rho0.5_33,intel_sensor,proposed,full,33,0.5,0.6,0.0005,0.2395940572023391,0.039636306464672,5.3568,0.060736,13.709118212999783,0.0,0.0,-0.009039325759889812,1.0,0.9523809523809526,0.8155835210148479,0.0241863216792029,0.0140976272523403,0.7046448492092645
rho,intel_sensor_rho0.5_44,intel_sensor,proposed,full,44,0.5,0.6,0.0005,0.1650481224060058,0.04081492125988,5.3568,0.060736,13.488990331999958,0.0,0.0,-0.03512328044724134,1.0,0.9523809523809526,1.0693151962750995,0.1119345698298316,0.0132222091779112,0.724504890911142
rho,intel_sensor_rho0.5_55,intel_sensor,proposed,full,55,0.5,0.6,0.0005,0.2162286788225174,0.0403098203241825,5.3568,0.060736,14.102091746000042,0.0,0.0,-0.008219130013615952,1.0,0.9523809523809526,0.9532612757344028,0.1041432660010348,0.0175883285701274,0.750551533760167
rho,uci_har_rho0.1_11,uci_har,proposed,full,11,0.1,0.6,0.0005,0.8829317950458093,0.999660671869698,75.7008,5.84192,99.23149259000002,0.0,0.0,-0.06141473138732233,1.0,0.9523809523809526,2.479141640527545,0.669688998977526,0.8921036720275879,0.6505815074214483
rho,uci_har_rho0.1_22,uci_har,proposed,full,22,0.1,0.6,0.0005,0.8676620291822192,0.999321343739396,75.7008,5.84192,89.50965798999994,0.0,0.0,0.004917965480766132,1.0,0.9523809523809526,2.6549974474532263,0.6930361153638238,1.1309033632278442,0.699682767288535
rho,uci_har_rho0.1_33,uci_har,proposed,full,33,0.1,0.6,0.0005,0.8622327790973872,0.998982015609094,75.7008,5.84192,118.83882020799979,0.0,0.0,-0.036764807669163076,1.0,0.9523809523809526,2.094392644943206,0.7109397107503646,0.9367387890815736,0.663640683631835
rho,uci_har_rho0.1_44,uci_har,proposed,full,44,0.1,0.6,0.0005,0.8639294197488971,1.0,75.7008,5.84192,76.0956666300001,0.0,0.0,-0.08835785759026961,1.0,0.9523809523809526,2.9999293454659006,0.7499361223077724,1.0679155588150024,0.7151923183047293
rho,uci_har_rho0.1_55,uci_har,proposed,full,55,0.1,0.6,0.0005,0.8802171700033933,0.999660671869698,75.7008,5.84192,106.84428557200022,0.0,0.0,-0.0078118136402976065,1.0,0.9523809523809526,2.4996655023206205,0.595798673760751,0.8772396445274353,0.7026522955477001
rho,uci_har_rho0.3_11,uci_har,proposed,full,11,0.3,0.6,0.0005,0.8819138106549033,0.999660671869698,226.9008,5.84192,87.31273027299994,0.0,0.0,-0.10845056668151784,1.0,0.9523809523809526,2.50730625101631,0.7216973179755204,0.1845818608999252,0.6372320527722545
rho,uci_har_rho0.3_22,uci_har,proposed,full,22,0.3,0.6,0.0005,0.8659653885307091,0.999321343739396,226.9008,5.84192,91.03110516399988,0.0,0.0,-0.025376884428201126,1.0,0.9523809523809526,2.653425416536585,0.767553962862776,0.2670641243457794,0.701508242721852
rho,uci_har_rho0.3_33,uci_har,proposed,full,33,0.3,0.6,0.0005,0.8581608415337632,0.999321343739396,226.9008,5.84192,99.36147523399995,0.0,0.0,-0.08907057165123732,1.0,0.9523809523809526,2.11954160065413,0.7672479530154024,0.2049895226955413,0.6666337464816552
rho,uci_har_rho0.3_44,uci_har,proposed,full,44,0.3,0.6,0.0005,0.8612147947064812,0.999660671869698,226.9008,5.84192,19.094777258000022,0.0,0.0,-0.11535482035257422,1.0,0.9523809523809526,2.900640655009429,0.7872368932882936,0.2516871094703674,0.6783280469804981
rho,uci_har_rho0.3_55,uci_har,proposed,full,55,0.3,0.6,0.0005,0.8822531387852053,0.999660671869698,226.9008,5.84192,19.897696432999965,0.0,0.0,-0.05130767099959958,1.0,0.9523809523809526,2.480537840981781,0.7909435989806687,0.1813111901283264,0.6859363984528324
rho,uci_har_rho0.5_11,uci_har,proposed,full,11,0.5,0.6,0.0005,0.8842891075670173,0.999660671869698,378.0,5.84192,20.628704495999727,0.0,0.0,-0.1302610072808244,1.0,0.9523809523809526,2.4923778466459527,0.7418045387717676,0.0508778914809227,0.6560444166368005
rho,uci_har_rho0.5_22,uci_har,proposed,full,22,0.5,0.6,0.0005,0.8632507634882932,0.999321343739396,378.0,5.84192,20.331433023000045,0.0,0.0,-0.05771196881569291,1.0,0.9523809523809526,2.638817904259413,0.6544189560557306,0.0850103944540023,0.7047538255734281
rho,uci_har_rho0.5_33,uci_har,proposed,full,33,0.5,0.6,0.0005,0.8646080760095012,0.998982015609094,378.0,5.84192,20.501206466999975,0.0,0.0,-0.1256675642763661,1.0,0.9523809523809526,2.1247610731869084,0.69620175712657,0.055154088884592,0.6685126419041881
rho,uci_har_rho0.5_44,uci_har,proposed,full,44,0.5,0.6,0.0005,0.836104513064133,1.0,378.0,5.84192,20.566025165000156,0.0,0.0,-0.13170844916488753,1.0,0.9523809523809526,2.729068763576598,0.7944531240110518,0.0774440169334411,0.6630594052111558
rho,uci_har_rho0.5_55,uci_har,proposed,full,55,0.5,0.6,0.0005,0.8815744825246012,0.999660671869698,378.0,5.84192,19.275260851999974,0.0,0.0,-0.06791730618023148,1.0,0.9523809523809526,2.47876213473285,0.7421547869347979,0.0470260865986347,0.6878060896313232
sigma,cwru_sigma0.0_11,cwru,proposed,full,11,0.3,0.0,0.0005,0.9778933680104032,0.9193758127438232,12.598176,0.36352,13.93212219999998,0.0,0.0,-0.07254821203368904,0.9664124431448992,0.9523809523809526,1.514411699341117,0.3899439265361938,0.1650705188512802,0.5691939581115409
sigma,cwru_sigma0.0_22,cwru,proposed,full,22,0.3,0.0,0.0005,0.9869960988296488,0.8946684005201561,12.214348,0.36352,24.769825576000017,0.0,0.0,-0.015098332166448314,0.9366922514619883,0.9523809523809526,1.2115878120804129,0.4149699645399684,0.1600699722766876,0.615480473692009
sigma,cwru_sigma0.0_33,cwru,proposed,full,33,0.3,0.0,0.0005,0.9336801040312094,0.9154746423927178,12.620975,0.36352,27.93757963900009,0.0,0.0,-0.11788266364313799,0.9681737329434696,0.9523809523809526,1.3610028376612753,0.4233763941776285,0.172409325838089,0.5886820426540113
sigma,cwru_sigma0.0_44,cwru,proposed,full,44,0.3,0.0,0.0005,0.9310793237971392,0.9167750325097528,12.435817,0.36352,16.929748932000052,0.0,0.0,-0.051789679445617944,0.9538385315139704,0.9523809523809526,1.2270732024169213,0.2792173506451557,0.1531213968992233,0.5971073466318723
sigma,cwru_sigma0.0_55,cwru,proposed,full,55,0.3,0.0,0.0005,0.9934980494148244,0.9050715214564368,12.164071,0.36352,12.051544079999985,0.0,0.0,-0.02927450351652683,0.932802550357375,0.9523809523809526,1.1500725025521317,0.3447417007070721,0.1517656147480011,0.5952446565769023
sigma,cwru_sigma0.3_11,cwru,proposed,full,11,0.3,0.3,0.0005,0.9739921976592978,0.9154746423927178,13.028332,0.36352,15.122902386999954,0.0,0.0,-0.07687479086712677,0.9997161306042884,0.9523809523809526,1.5244169402623966,0.3984801143159535,0.1562180668115615,0.5732605787808658
sigma,cwru_sigma0.3_22,cwru,proposed,full,22,0.3,0.3,0.0005,0.9869960988296488,0.8946684005201561,13.027518,0.36352,8.763501325999982,0.0,0.0,-0.0211229374410291,0.99965318388564,0.9523809523809526,1.2134237370499643,0.3942145355705329,0.1467747241258621,0.6107146492349103
sigma,cwru_sigma0.3_33,cwru,proposed,full,33,0.3,0.3,0.0005,0.8907672301690507,0.9154746423927178,13.020903,0.36352,7.504391360999989,0.0,0.0,-0.12003997348749089,0.9991406757634828,0.9523809523809526,1.3610055221834096,0.3945721776421351,0.1666253209114074,0.5899973595797179
sigma,cwru_sigma0.3_44,cwru,proposed,full,44,0.3,0.3,0.0005,0.929778933680104,0.9167750325097528,13.025034,0.36352,7.288950937000095,0.0,0.0,-0.05917548559220182,0.9994606887589342,0.9523809523809526,1.2272504080424016,0.2863166973790134,0.140563279390335,0.6012269483278839
sigma,cwru_sigma0.3_55,cwru,proposed,full,55,0.3,0.3,0.0005,0.9934980494148244,0.906371911573472,13.006935,0.36352,5.660894167000038,0.0,0.0,-0.037312476358246596,0.9980592105263159,0.9523809523809526,1.1503422051481105,0.33240316434975,0.1357460916042328,0.6043254031167523
sigma,cwru_sigma0.6_11,cwru,proposed,full,11,0.3,0.6,0.0005,0.9739921976592978,0.918075422626788,13.032,0.36352,10.090015379999954,0.0,0.0,-0.07648214398096971,1.0,0.9523809523809526,1.5151765018922554,0.3958556307323378,0.1544798165559768,0.5699870169623914
sigma,cwru_sigma0.6_22,cwru,proposed,full,22,0.3,0.6,0.0005,0.9856957087126138,0.8946684005201561,13.032,0.36352,16.145870912999953,0.0,0.0,-0.020849091941174312,1.0,0.9523809523809526,1.2143403491731453,0.3924538413656077,0.144605204463005,0.6149221098660836
sigma,cwru_sigma0.6_33,cwru,proposed,full,33,0.3,0.6,0.0005,0.9037711313394018,0.9141742522756828,13.032,0.36352,27.231259177999846,0.0,0.0,-0.1226011351961614,1.0,0.9523809523809526,1.3650117200268392,0.404170047214421,0.1691080927848816,0.5873321163715202
sigma,cwru_sigma0.6_44,cwru,proposed,full,44,0.3,0.6,0.0005,0.929778933680104,0.9167750325097528,13.032,0.36352,12.4385294289998,0.0,0.0,-0.05959015475631453,1.0,0.9523809523809526,1.2266065606586063,0.2928310820244405,0.1391077786684036,0.6005126598818621
sigma,cwru_sigma0.6_55,cwru,proposed,full,55,0.3,0.6,0.0005,0.9934980494148244,0.906371911573472,13.032,0.36352,9.943939577000037,0.0,0.0,-0.03871865469523731,1.0,0.9523809523809526,1.1528837125224158,0.3536981436325436,0.1347158849239349,0.5971502662294937
sigma,cwru_sigma0.9_11,cwru,proposed,full,11,0.3,0.9,0.0005,0.9739921976592978,0.918075422626788,13.032,0.36352,12.777951911999935,0.0,0.0,-0.07648214398096971,1.0,0.9523809523809526,1.5151765018922554,0.3958556307323378,0.1544798165559768,0.5699870169623914
sigma,cwru_sigma0.9_22,cwru,proposed,full,22,0.3,0.9,0.0005,0.9856957087126138,0.8946684005201561,13.032,0.36352,5.811828559000105,0.0,0.0,-0.020849091941174312,1.0,0.9523809523809526,1.2143403491731453,0.3924538413656077,0.144605204463005,0.6149221098660836
sigma,cwru_sigma0.9_33,cwru,proposed,full,33,0.3,0.9,0.0005,0.9037711313394018,0.9141742522756828,13.032,0.36352,5.5477522319999935,0.0,0.0,-0.1226011351961614,1.0,0.9523809523809526,1.3650117200268392,0.404170047214421,0.1691080927848816,0.5873321163715202
sigma,cwru_sigma0.9_44,cwru,proposed,full,44,0.3,0.9,0.0005,0.929778933680104,0.9167750325097528,13.032,0.36352,30.487174075999974,0.0,0.0,-0.05959015475631453,1.0,0.9523809523809526,1.2266065606586063,0.2928310820244405,0.1391077786684036,0.6005126598818621
sigma,cwru_sigma0.9_55,cwru,proposed,full,55,0.3,0.9,0.0005,0.9934980494148244,0.906371911573472,13.032,0.36352,22.033727161999877,0.0,0.0,-0.03871865469523731,1.0,0.9523809523809526,1.1528837125224158,0.3536981436325436,0.1347158849239349,0.5971502662294937
sigma,cwru_sigma1.0_11,cwru,proposed,full,11,0.3,1.0,0.0005,0.9739921976592978,0.918075422626788,13.032,0.36352,16.40966523499992,0.0,0.0,-0.07648214398096971,1.0,0.9523809523809526,1.5151765018922554,0.3958556307323378,0.1544798165559768,0.5699870169623914
sigma,cwru_sigma1.0_22,cwru,proposed,full,22,0.3,1.0,0.0005,0.9856957087126138,0.8946684005201561,13.032,0.36352,33.401035714000045,0.0,0.0,-0.020849091941174312,1.0,0.9523809523809526,1.2143403491731453,0.3924538413656077,0.144605204463005,0.6149221098660836
sigma,cwru_sigma1.0_33,cwru,proposed,full,33,0.3,1.0,0.0005,0.9037711313394018,0.9141742522756828,13.032,0.36352,23.180199480999818,0.0,0.0,-0.1226011351961614,1.0,0.9523809523809526,1.3650117200268392,0.404170047214421,0.1691080927848816,0.5873321163715202
sigma,cwru_sigma1.0_44,cwru,proposed,full,44,0.3,1.0,0.0005,0.929778933680104,0.9167750325097528,13.032,0.36352,27.158310267999923,0.0,0.0,-0.05959015475631453,1.0,0.9523809523809526,1.2266065606586063,0.2928310820244405,0.1391077786684036,0.6005126598818621
sigma,cwru_sigma1.0_55,cwru,proposed,full,55,0.3,1.0,0.0005,0.9934980494148244,0.906371911573472,13.032,0.36352,25.55821456600006,0.0,0.0,-0.03871865469523731,1.0,0.9523809523809526,1.1528837125224158,0.3536981436325436,0.1347158849239349,0.5971502662294937
sigma,intel_sensor_sigma0.0_11,intel_sensor,proposed,full,11,0.3,0.0,0.0005,0.2118894457817077,0.0267675835639238,3.11357,0.060736,252.30005598499997,0.0,0.0,-0.0409274748466898,0.9510006313131313,0.9523809523809526,0.6942842342617589,0.0101989226684565,0.0635439157485961,0.7352081064408882
sigma,intel_sensor_sigma0.0_22,intel_sensor,proposed,full,22,0.3,0.0,0.0005,0.2436693459749221,0.0344609469175338,3.052695,0.060736,225.88513139099996,0.0,0.0,0.011277573251739064,0.9317850378787879,0.9523809523809526,0.8122542063278968,0.0879412383336371,0.0564821437001228,0.695667185089018
sigma,intel_sensor_sigma0.0_33,intel_sensor,proposed,full,33,0.3,0.0,0.0005,0.2336225062608719,0.0388730280101299,3.07541,0.060736,198.20005951100006,0.0,0.0,-0.0012180653135172308,0.9389551767676767,0.9523809523809526,0.8161643214382364,0.0247342939544575,0.0568010210990905,0.7241270413845309
sigma,intel_sensor_sigma0.0_44,intel_sensor,proposed,full,44,0.3,0.0,0.0005,0.1660291254520416,0.0451635420322418,3.13111,0.060736,13.515434593999998,0.0,0.0,-0.03035121981321043,0.9565372474747474,0.9523809523809526,1.0484890915341771,0.0875036753718195,0.0593607127666473,0.728993265924706
sigma,intel_sensor_sigma0.0_55,intel_sensor,proposed,full,55,0.3,0.0,0.0005,0.2102193981409073,0.0393081530928611,3.05934,0.060736,13.430923683999936,0.0,0.0,0.004197723778876251,0.9338825757575758,0.9523809523809526,0.9566880579801934,0.0895226324232836,0.056604016572237,0.7432923883991788
sigma,intel_sensor_sigma0.3_11,intel_sensor,proposed,full,11,0.3,0.3,0.0005,0.2029762417078018,0.0280755087733268,3.268445,0.060736,12.57696820900037,0.0,0.0,-0.05093841039170127,0.9998879419191918,0.9523809523809526,0.710479601545445,0.041645415804535,0.0496027097105979,0.720470066692402
sigma,intel_sensor_sigma0.3_22,intel_sensor,proposed,full,22,0.3,0.3,0.0005,0.24064502120018,0.034254141151905,3.2688,0.060736,12.301885203999973,0.0,0.0,0.003170862983014186,1.0,0.9523809523809526,0.8143913382078136,0.0854424887373081,0.0469743236899375,0.6941877842232971
sigma,intel_sensor_sigma0.3_33,intel_sensor,proposed,full,33,0.3,0.3,0.0005,0.2386293113231659,0.0416951738297939,3.268755,0.060736,12.543362964000153,0.0,0.0,-0.005262552090941395,0.9999857954545455,0.9523809523809526,0.8190579972655901,0.0202428045735883,0.0422493144869804,0.7285947464945653
sigma,intel_sensor_sigma0.3_44,intel_sensor,proposed,full,44,0.3,0.3,0.0005,0.1621772348880767,0.0433979257941246,3.26875,0.060736,13.192878667000059,0.0,0.0,-0.03550011588941732,0.999984217171717,0.9523809523809526,1.0657739239839306,0.1064686783730133,0.0519481413066387,0.7147498447239052
sigma,intel_sensor_sigma0.3_55,intel_sensor,proposed,full,55,0.3,0.3,0.0005,0.2085681706666946,0.0386354327201843,3.2688,0.060736,12.466071804999956,0.0,0.0,-0.003769286391993451,1.0,0.9523809523809526,0.9812712536502571,0.0953658513962113,0.0577703192830085,0.734680383421529
sigma,intel_sensor_sigma0.6_11,intel_sensor,proposed,full,11,0.3,0.6,0.0005,0.2041969448328018,0.0264149475842714,3.2688,0.060736,12.740336080999896,0.0,0.0,-0.05168286049558965,1.0,0.9523809523809526,0.7111312178101213,0.0416952415384383,0.0495038405060768,0.7212728060784598
sigma,intel_sensor_sigma0.6_22,intel_sensor,proposed,full,22,0.3,0.6,0.0005,0.24064502120018,0.034254141151905,3.2688,0.060736,12.919390025000212,0.0,0.0,0.003170862983014186,1.0,0.9523809523809526,0.8143913382078136,0.0854424887373081,0.0469743236899375,0.6941877842232971
sigma,intel_sensor_sigma0.6_33,intel_sensor,proposed,full,33,0.3,0.6,0.0005,0.2386353760957718,0.0416991636157035,3.2688,0.060736,12.603825687999688,0.0,0.0,-0.005271605106112711,1.0,0.9523809523809526,0.8190566047562863,0.0202444559292475,0.0423204153776168,0.7285947464945653
sigma,intel_sensor_sigma0.6_44,intel_sensor,proposed,full,44,0.3,0.6,0.0005,0.1651689112186432,0.0432447828352451,3.2688,0.060736,12.943492119999974,0.0,0.0,-0.03565082643367404,1.0,0.9523809523809526,1.0535409286001933,0.0558487088952791,0.050819743424654,0.7138613476358245
sigma,intel_sensor_sigma0.6_55,intel_sensor,proposed,full,55,0.3,0.6,0.0005,0.2085681706666946,0.0386354327201843,3.2688,0.060736,12.47307915500005,0.0,0.0,-0.003769286391993451,1.0,0.9523809523809526,0.9812712536502571,0.0953658513962113,0.0577703192830085,0.734680383421529
sigma,intel_sensor_sigma0.9_11,intel_sensor,proposed,full,11,0.3,0.9,0.0005,0.2041969448328018,0.0264149475842714,3.2688,0.060736,12.980305309000414,0.0,0.0,-0.05168286049558965,1.0,0.9523809523809526,0.7111312178101213,0.0416952415384383,0.0495038405060768,0.7212728060784598
sigma,intel_sensor_sigma0.9_22,intel_sensor,proposed,full,22,0.3,0.9,0.0005,0.24064502120018,0.034254141151905,3.2688,0.060736,12.927033492999726,0.0,0.0,0.003170862983014186,1.0,0.9523809523809526,0.8143913382078136,0.0854424887373081,0.0469743236899375,0.6941877842232971
sigma,intel_sensor_sigma0.9_33,intel_sensor,proposed,full,33,0.3,0.9,0.0005,0.2386353760957718,0.0416991636157035,3.2688,0.060736,12.63080855499993,0.0,0.0,-0.005271605106112711,1.0,0.9523809523809526,0.8190566047562863,0.0202444559292475,0.0423204153776168,0.7285947464945653
sigma,intel_sensor_sigma0.9_44,intel_sensor,proposed,full,44,0.3,0.9,0.0005,0.1651689112186432,0.0432447828352451,3.2688,0.060736,13.242557554999621,0.0,0.0,-0.03565082643367404,1.0,0.9523809523809526,1.0535409286001933,0.0558487088952791,0.050819743424654,0.7138613476358245
sigma,intel_sensor_sigma0.9_55,intel_sensor,proposed,full,55,0.3,0.9,0.0005,0.2085681706666946,0.0386354327201843,3.2688,0.060736,13.093917333000263,0.0,0.0,-0.003769286391993451,1.0,0.9523809523809526,0.9812712536502571,0.0953658513962113,0.0577703192830085,0.734680383421529
sigma,intel_sensor_sigma1.0_11,intel_sensor,proposed,full,11,0.3,1.0,0.0005,0.2041969448328018,0.0264149475842714,3.2688,0.060736,12.706588906999968,0.0,0.0,-0.05168286049558965,1.0,0.9523809523809526,0.7111312178101213,0.0416952415384383,0.0495038405060768,0.7212728060784598
sigma,intel_sensor_sigma1.0_22,intel_sensor,proposed,full,22,0.3,1.0,0.0005,0.24064502120018,0.034254141151905,3.2688,0.060736,12.602229520000037,0.0,0.0,0.003170862983014186,1.0,0.9523809523809526,0.8143913382078136,0.0854424887373081,0.0469743236899375,0.6941877842232971
sigma,intel_sensor_sigma1.0_33,intel_sensor,proposed,full,33,0.3,1.0,0.0005,0.2386353760957718,0.0416991636157035,3.2688,0.060736,13.082300518000011,0.0,0.0,-0.005271605106112711,1.0,0.9523809523809526,0.8190566047562863,0.0202444559292475,0.0423204153776168,0.7285947464945653
sigma,intel_sensor_sigma1.0_44,intel_sensor,proposed,full,44,0.3,1.0,0.0005,0.1651689112186432,0.0432447828352451,3.2688,0.060736,13.394363577999684,0.0,0.0,-0.03565082643367404,1.0,0.9523809523809526,1.0535409286001933,0.0558487088952791,0.050819743424654,0.7138613476358245
sigma,intel_sensor_sigma1.0_55,intel_sensor,proposed,full,55,0.3,1.0,0.0005,0.2085681706666946,0.0386354327201843,3.2688,0.060736,14.00570903400012,0.0,0.0,-0.003769286391993451,1.0,0.9523809523809526,0.9812712536502571,0.0953658513962113,0.0577703192830085,0.734680383421529
sigma,uci_har_sigma0.0_11,uci_har,proposed,full,11,0.3,0.0,0.0005,0.8795385137427892,0.999660671869698,203.681362,5.84192,246.90365546399994,0.0,0.0,-0.07684780023343196,0.8976264401038497,0.9523809523809526,2.4983937429394745,0.5323587194646807,0.2019292712211609,0.6604992885362602
sigma,uci_har_sigma0.0_22,uci_har,proposed,full,22,0.3,0.0,0.0005,0.8703766542246352,0.999321343739396,204.005418,5.84192,152.6324817530001,0.0,0.0,0.013233834120282733,0.8990550839722528,0.9523809523809526,2.640929204394343,0.6101285837675229,0.2711338698863983,0.7074096797224508
sigma,uci_har_sigma0.0_33,uci_har,proposed,full,33,0.3,0.0,0.0005,0.8595181540549711,0.999321343739396,210.865769,5.84192,110.53730245600013,0.0,0.0,-0.06996177375534474,0.9293017017565213,0.9523809523809526,2.1332693834944876,0.7643248597861495,0.2206056416034698,0.6665638018824256
sigma,uci_har_sigma0.0_44,uci_har,proposed,full,44,0.3,0.0,0.0005,0.8629114353579912,1.0,209.750163,5.84192,155.90362110399997,0.0,0.0,-0.08949433493473095,0.9243835696320635,0.9523809523809526,2.963228767879088,0.7872811071385212,0.2789143621921539,0.6931133625410734
sigma,uci_har_sigma0.0_55,uci_har,proposed,full,55,0.3,0.0,0.0005,0.8744485917882593,0.999660671869698,210.478873,5.84192,20.694738499000323,0.0,0.0,0.006273529374339116,0.9275959393128068,0.9523809523809526,2.490127838773954,0.7110285411283435,0.1855485141277313,0.7171457598756947
sigma,uci_har_sigma0.3_11,uci_har,proposed,full,11,0.3,0.3,0.0005,0.8825924669155073,0.999660671869698,224.209631,5.84192,18.974866346,0.0,0.0,-0.10674231105377606,0.9881346852054683,0.9523809523809526,2.500008262999303,0.6342342088618079,0.1892479360103607,0.6457103112363559
sigma,uci_har_sigma0.3_22,uci_har,proposed,full,22,0.3,0.3,0.0005,0.8659653885307091,0.999321343739396,226.71972,5.84192,19.98914411600026,0.0,0.0,-0.024828009135017703,0.9992016043973877,0.9523809523809526,2.653429898029192,0.7675981248166687,0.2674985229969024,0.701508242721852
sigma,uci_har_sigma0.3_33,uci_har,proposed,full,33,0.3,0.3,0.0005,0.8642687478791992,0.999321343739396,224.637678,5.84192,19.782361159000175,0.0,0.0,-0.08423481468435563,0.9900217283274511,0.9523809523809526,2.119478941444688,0.7269787002326582,0.2079432606697082,0.6755362068641985
sigma,uci_har_sigma0.3_44,uci_har,proposed,full,44,0.3,0.3,0.0005,0.8564642008822532,0.999660671869698,225.392707,5.84192,19.544910689000062,0.0,0.0,-0.11024219506411749,0.9933509036144578,0.9523809523809526,2.8210767834942416,0.7595144262365154,0.257733404636383,0.6742316568410582
sigma,uci_har_sigma0.3_55,uci_har,proposed,full,55,0.3,0.3,0.0005,0.8836104513064132,0.999660671869698,224.290874,5.84192,20.509040814999935,0.0,0.0,-0.04199013439055882,0.9884926574986818,0.9523809523809526,2.473591438609217,0.7736461474880979,0.1786185652017593,0.716435336182859
sigma,uci_har_sigma0.6_11,uci_har,proposed,full,11,0.3,0.6,0.0005,0.8819138106549033,0.999660671869698,226.9008,5.84192,19.3402910599998,0.0,0.0,-0.10845056668151784,1.0,0.9523809523809526,2.50730625101631,0.7216973179755204,0.1845818608999252,0.6372320527722545
sigma,uci_har_sigma0.6_22,uci_har,proposed,full,22,0.3,0.6,0.0005,0.8659653885307091,0.999321343739396,226.9008,5.84192,19.736736628000017,0.0,0.0,-0.025376884428201126,1.0,0.9523809523809526,2.653425416536585,0.767553962862776,0.2670641243457794,0.701508242721852
sigma,uci_har_sigma0.6_33,uci_har,proposed,full,33,0.3,0.6,0.0005,0.8581608415337632,0.999321343739396,226.9008,5.84192,20.028271187999962,0.0,0.0,-0.08907057165123732,1.0,0.9523809523809526,2.11954160065413,0.7672479530154024,0.2049895226955413,0.6666337464816552
sigma,uci_har_sigma0.6_44,uci_har,proposed,full,44,0.3,0.6,0.0005,0.8612147947064812,0.999660671869698,226.9008,5.84192,19.508323491999818,0.0,0.0,-0.11535482035257422,1.0,0.9523809523809526,2.900640655009429,0.7872368932882936,0.2516871094703674,0.6783280469804981
sigma,uci_har_sigma0.6_55,uci_har,proposed,full,55,0.3,0.6,0.0005,0.8822531387852053,0.999660671869698,226.9008,5.84192,20.45499103300017,0.0,0.0,-0.05130767099959958,1.0,0.9523809523809526,2.480537840981781,0.7909435989806687,0.1813111901283264,0.6859363984528324
sigma,uci_har_sigma0.9_11,uci_har,proposed,full,11,0.3,0.9,0.0005,0.8819138106549033,0.999660671869698,226.9008,5.84192,21.03258119899965,0.0,0.0,-0.10845056668151784,1.0,0.9523809523809526,2.50730625101631,0.7216973179755204,0.1845818608999252,0.6372320527722545
sigma,uci_har_sigma0.9_22,uci_har,proposed,full,22,0.3,0.9,0.0005,0.8659653885307091,0.999321343739396,226.9008,5.84192,19.952336796000054,0.0,0.0,-0.025376884428201126,1.0,0.9523809523809526,2.653425416536585,0.767553962862776,0.2670641243457794,0.701508242721852
sigma,uci_har_sigma0.9_33,uci_har,proposed,full,33,0.3,0.9,0.0005,0.8581608415337632,0.999321343739396,226.9008,5.84192,20.356783697000083,0.0,0.0,-0.08907057165123732,1.0,0.9523809523809526,2.11954160065413,0.7672479530154024,0.2049895226955413,0.6666337464816552
sigma,uci_har_sigma0.9_44,uci_har,proposed,full,44,0.3,0.9,0.0005,0.8612147947064812,0.999660671869698,226.9008,5.84192,19.729472403000273,0.0,0.0,-0.11535482035257422,1.0,0.9523809523809526,2.900640655009429,0.7872368932882936,0.2516871094703674,0.6783280469804981
sigma,uci_har_sigma0.9_55,uci_har,proposed,full,55,0.3,0.9,0.0005,0.8822531387852053,0.999660671869698,226.9008,5.84192,20.18482534099985,0.0,0.0,-0.05130767099959958,1.0,0.9523809523809526,2.480537840981781,0.7909435989806687,0.1813111901283264,0.6859363984528324
sigma,uci_har_sigma1.0_11,uci_har,proposed,full,11,0.3,1.0,0.0005,0.8819138106549033,0.999660671869698,226.9008,5.84192,19.338040361000367,0.0,0.0,-0.10845056668151784,1.0,0.9523809523809526,2.50730625101631,0.7216973179755204,0.1845818608999252,0.6372320527722545
sigma,uci_har_sigma1.0_22,uci_har,proposed,full,22,0.3,1.0,0.0005,0.8659653885307091,0.999321343739396,226.9008,5.84192,20.089899208000134,0.0,0.0,-0.025376884428201126,1.0,0.9523809523809526,2.653425416536585,0.767553962862776,0.2670641243457794,0.701508242721852
sigma,uci_har_sigma1.0_33,uci_har,proposed,full,33,0.3,1.0,0.0005,0.8581608415337632,0.999321343739396,226.9008,5.84192,19.686076200000116,0.0,0.0,-0.08907057165123732,1.0,0.9523809523809526,2.11954160065413,0.7672479530154024,0.2049895226955413,0.6666337464816552
sigma,uci_har_sigma1.0_44,uci_har,proposed,full,44,0.3,1.0,0.0005,0.8612147947064812,0.999660671869698,226.9008,5.84192,20.2134460379998,0.0,0.0,-0.11535482035257422,1.0,0.9523809523809526,2.900640655009429,0.7872368932882936,0.2516871094703674,0.6783280469804981
sigma,uci_har_sigma1.0_55,uci_har,proposed,full,55,0.3,1.0,0.0005,0.8822531387852053,0.999660671869698,226.9008,5.84192,19.07588800700023,0.0,0.0,-0.05130767099959958,1.0,0.9523809523809526,2.480537840981781,0.7909435989806687,0.1813111901283264,0.6859363984528324
eta,cwru_eta0.0005_11,cwru,proposed,full,11,0.3,0.6,0.0005,0.9739921976592978,0.918075422626788,13.032,0.36352,31.98937940299993,0.0,0.0,-0.07648214398096971,1.0,0.9523809523809526,1.5151765018922554,0.3958556307323378,0.1544798165559768,0.5699870169623914
eta,cwru_eta0.0005_22,cwru,proposed,full,22,0.3,0.6,0.0005,0.9856957087126138,0.8946684005201561,13.032,0.36352,23.655171310000014,0.0,0.0,-0.020849091941174312,1.0,0.9523809523809526,1.2143403491731453,0.3924538413656077,0.144605204463005,0.6149221098660836
eta,cwru_eta0.0005_33,cwru,proposed,full,33,0.3,0.6,0.0005,0.9037711313394018,0.9141742522756828,13.032,0.36352,25.584419992999983,0.0,0.0,-0.1226011351961614,1.0,0.9523809523809526,1.3650117200268392,0.404170047214421,0.1691080927848816,0.5873321163715202
eta,cwru_eta0.0005_44,cwru,proposed,full,44,0.3,0.6,0.0005,0.929778933680104,0.9167750325097528,13.032,0.36352,11.045852905999936,0.0,0.0,-0.05959015475631453,1.0,0.9523809523809526,1.2266065606586063,0.2928310820244405,0.1391077786684036,0.6005126598818621
eta,cwru_eta0.0005_55,cwru,proposed,full,55,0.3,0.6,0.0005,0.9934980494148244,0.906371911573472,13.032,0.36352,7.371435615999985,0.0,0.0,-0.03871865469523731,1.0,0.9523809523809526,1.1528837125224158,0.3536981436325436,0.1347158849239349,0.5971502662294937
eta,cwru_eta0.1_11,cwru,proposed,full,11,0.3,0.6,0.1,0.9739921976592978,0.918075422626788,13.032,0.36352,7.996739624000043,0.0,0.0,-0.07648214398096971,1.0,0.9523809523809526,1.5151765018922554,0.3958556307323378,0.1544798165559768,0.5699870169623914
eta,cwru_eta0.1_22,cwru,proposed,full,22,0.3,0.6,0.1,0.9856957087126138,0.8946684005201561,13.032,0.36352,11.725942408000037,0.0,0.0,-0.020849091941174312,1.0,0.9523809523809526,1.2143403491731453,0.3924538413656077,0.144605204463005,0.6149221098660836
eta,cwru_eta0.1_33,cwru,proposed,full,33,0.3,0.6,0.1,0.9037711313394018,0.9141742522756828,13.032,0.36352,11.841865303999953,0.0,0.0,-0.1226011351961614,1.0,0.9523809523809526,1.3650117200268392,0.404170047214421,0.1691080927848816,0.5873321163715202
eta,cwru_eta0.1_44,cwru,proposed,full,44,0.3,0.6,0.1,0.929778933680104,0.9167750325097528,13.032,0.36352,11.15917789699995,0.0,0.0,-0.05959015475631453,1.0,0.9523809523809526,1.2266065606586063,0.2928310820244405,0.1391077786684036,0.6005126598818621
eta,cwru_eta0.1_55,cwru,proposed,full,55,0.3,0.6,0.1,0.9934980494148244,0.906371911573472,13.032,0.36352,12.597745842999984,0.0,0.0,-0.03871865469523731,1.0,0.9523809523809526,1.1528837125224158,0.3536981436325436,0.1347158849239349,0.5971502662294937
eta,cwru_eta0.5_11,cwru,proposed,full,11,0.3,0.6,0.5,0.9076723016905072,0.9037711313394018,13.032,0.36352,21.372380961999966,13.0,5.513333333333334,-0.050026489445326915,1.0,0.9522855681909416,1.4425545922479979,0.2146503344843605,0.184877336025238,0.5792344451416711
eta,cwru_eta0.5_22,cwru,proposed,full,22,0.3,0.6,0.5,0.9817945383615084,0.8842652795838751,13.032,0.36352,35.63444953899989,5.0,2.17,-0.01755348037254558,1.0,0.9522464159709485,1.2003860997361084,0.3657325405602196,0.1534760892391204,0.6002000666888962
eta,cwru_eta0.5_33,cwru,proposed,full,33,0.3,0.6,0.5,0.8842652795838751,0.9141742522756828,13.032,0.36352,34.77320163000013,5.0,1.3066666666666666,-0.11690138580836015,1.0,0.9522464159709487,1.3460031062596758,0.3964286630174468,0.1717488765716552,0.5950478793154745
eta,cwru_eta0.5_44,cwru,proposed,full,44,0.3,0.6,0.5,0.8738621586475943,0.9128738621586476,12.78041,0.36352,64.05030187500006,18.0,10.99,-0.04214808272858686,1.0,0.9724621234779574,1.1591905016221022,0.2116686528267344,0.1603853553533554,0.6332104066651426
eta,cwru_eta0.5_55,cwru,proposed,full,55,0.3,0.6,0.5,0.9869960988296488,0.8803641092327699,13.032,0.36352,24.819359116999976,11.0,4.096666666666667,-0.02506507224265827,1.0,0.9559323123408493,1.1130244819179715,0.325925425078275,0.1454021483659744,0.6326271600117154
eta,cwru_eta1.0_11,cwru,proposed,full,11,0.3,0.6,1.0,0.8621586475942783,0.8972691807542262,12.48176,0.36352,23.33252225000001,41.0,30.24,-0.02234562383875646,1.0,0.9680018837313908,1.475170402822332,0.4746328378056308,0.1933202296495437,0.5978657536947002
eta,cwru_eta1.0_22,cwru,proposed,full,22,0.3,0.6,1.0,0.951885565669701,0.7321196358907672,12.87091,0.36352,19.53513338399989,51.0,35.416666666666664,0.002773470803482459,1.0,0.9732960043105796,1.1527816476589035,0.4722618860408617,0.1688733100891113,0.664122246785136
eta,cwru_eta1.0_33,cwru,proposed,full,33,0.3,0.6,1.0,0.7737321196358907,0.8946684005201561,12.5795,0.36352,26.98787138700004,40.0,26.096666666666668,-0.05315904321951692,1.0,0.9701523642198949,1.3334830348568403,0.5317392093066985,0.194218635559082,0.6164807535225648
eta,cwru_eta1.0_44,cwru,proposed,full,44,0.3,0.6,1.0,0.7893368010403121,0.8998699609882965,12.76593,0.36352,29.74475475899999,52.0,37.373333333333335,-0.02026935032805074,1.0,0.9747857754684472,1.2325352043314468,0.4669909161040025,0.1529097557067871,0.63142866535942
eta,cwru_eta1.0_55,cwru,proposed,full,55,0.3,0.6,1.0,0.8634590377113134,0.7932379713914174,12.87996,0.36352,51.33594865200007,44.0,31.326666666666668,0.005725341379943069,1.0,0.975171771361928,1.1378871991664812,0.4677563418790759,0.1599395424127578,0.6110238880833737
eta,intel_sensor_eta0.0005_11,intel_sensor,proposed,full,11,0.3,0.6,0.0005,0.2041969448328018,0.0264149475842714,3.2688,0.060736,231.23069691199998,0.0,0.0,-0.05168286049558965,1.0,0.9523809523809526,0.7111312178101213,0.0416952415384383,0.0495038405060768,0.7212728060784598
eta,intel_sensor_eta0.0005_22,intel_sensor,proposed,full,22,0.3,0.6,0.0005,0.24064502120018,0.034254141151905,3.2688,0.060736,233.14633183399997,0.0,0.0,0.003170862983014186,1.0,0.9523809523809526,0.8143913382078136,0.0854424887373081,0.0469743236899375,0.6941877842232971
eta,intel_sensor_eta0.0005_33,intel_sensor,proposed,full,33,0.3,0.6,0.0005,0.2386353760957718,0.0416991636157035,3.2688,0.060736,179.34480557100005,0.0,0.0,-0.005271605106112711,1.0,0.9523809523809526,0.8190566047562863,0.0202444559292475,0.0423204153776168,0.7285947464945653
eta,intel_sensor_eta0.0005_44,intel_sensor,proposed,full,44,0.3,0.6,0.0005,0.1651689112186432,0.0432447828352451,3.2688,0.060736,12.786477651000041,0.0,0.0,-0.03565082643367404,1.0,0.9523809523809526,1.0535409286001933,0.0558487088952791,0.050819743424654,0.7138613476358245
eta,intel_sensor_eta0.0005_55,intel_sensor,proposed,full,55,0.3,0.6,0.0005,0.2085681706666946,0.0386354327201843,3.2688,0.060736,14.222211639999841,0.0,0.0,-0.003769286391993451,1.0,0.9523809523809526,0.9812712536502571,0.0953658513962113,0.0577703192830085,0.734680383421529
eta,intel_sensor_eta0.1_11,intel_sensor,proposed,full,11,0.3,0.6,0.1,0.2067581862211227,0.0270403772592544,3.2688,0.060736,13.180804804999752,1.0,0.42333333333333334,-0.05092715329859676,1.0,0.9523544973544974,0.7035320510925971,0.04171474132439,0.057838000357151,0.7230399007560788
eta,intel_sensor_eta0.1_22,intel_sensor,proposed,full,22,0.3,0.6,0.1,0.2423916310071945,0.0345201231539249,3.2688,0.060736,12.664536505999877,1.0,0.37666666666666665,0.002768755890589756,1.0,0.9523544973544976,0.8102816866429043,0.0848091077775991,0.0492561124265193,0.6883753481314911
eta,intel_sensor_eta0.1_33,intel_sensor,proposed,full,33,0.3,0.6,0.1,0.234789565205574,0.043286059051752,3.2688,0.060736,12.8234628780001,8.0,4.256666666666667,-0.0068533441549597255,1.0,0.95216286949628,0.8161659672106338,0.0270268920990193,0.041256844997406,0.7314762115582724
eta,intel_sensor_eta0.1_44,intel_sensor,proposed,full,44,0.3,0.6,0.1,0.1676968038082122,0.0448538474738597,3.2688,0.060736,13.320402544999979,1.0,0.21,-0.035174996110894245,1.0,0.9523544973544976,1.0525484073470246,0.0612148445284641,0.0537164025008678,0.714149764479359
eta,intel_sensor_eta0.1_55,intel_sensor,proposed,full,55,0.3,0.6,0.1,0.2119883447885513,0.0403916612267494,3.2688,0.060736,12.857535091000045,1.0,0.44333333333333336,-0.00220145270171773,1.0,0.9523544973544974,0.9757170399809107,0.084058522877508,0.0603975690901279,0.7383827776319244
eta,intel_sensor_eta0.5_11,intel_sensor,proposed,full,11,0.3,0.6,0.5,0.2756261229515075,0.068225659430027,3.2688,0.060736,12.757136232999983,24.0,18.57,-0.013908528236904463,1.0,0.9635515924095349,0.5909393250389949,0.093786444401583,0.0486586317420005,0.6371963987783529
eta,intel_sensor_eta0.5_22,intel_sensor,proposed,full,22,0.3,0.6,0.5,0.2992577850818634,0.0556808076798915,3.2688,0.060736,13.131015259999913,22.0,14.166666666666666,0.00036965673650098693,1.0,0.9525806222097617,0.7559453167222471,0.094563562513488,0.0562784075736999,0.6424665639777722
eta,intel_sensor_eta0.5_33,intel_sensor,proposed,full,33,0.3,0.6,0.5,0.3247840106487274,0.0392346158623695,3.2688,0.060736,12.81196543599981,24.0,16.583333333333332,-0.0052837164797341326,1.0,0.9519407349137575,0.7012816328815266,0.011743651672122,0.0434630997478961,0.6613132272340625
eta,intel_sensor_eta0.5_44,intel_sensor,proposed,full,44,0.3,0.6,0.5,0.2228712290525436,0.0666669458150863,3.2688,0.060736,14.126834062999933,20.0,14.313333333333333,-0.01523613609806674,1.0,0.9552420914047272,0.9719176297825722,0.1119111387146101,0.0526507832109928,0.6554918125734457
eta,intel_sensor_eta0.5_55,intel_sensor,proposed,full,55,0.3,0.6,0.5,0.2897160947322845,0.085632100701332,3.2688,0.060736,14.098745710999992,22.0,13.68,0.012173096138421186,1.0,0.9519355883735834,0.8471147509487065,0.0872400388257927,0.054976113140583,0.6864093387261662
eta,intel_sensor_eta1.0_11,intel_sensor,proposed,full,11,0.3,0.6,1.0,0.2989895641803741,0.0841000154614448,3.256088,0.060736,12.94321997399993,44.0,37.86666666666667,-0.008389671839927733,1.0,0.9664128351617499,0.8063677455237778,0.155266743821816,0.0459642894566059,0.7485903602646804
eta,intel_sensor_eta1.0_22,intel_sensor,proposed,full,22,0.3,0.6,1.0,0.3194936513900757,0.0777586698532104,3.239744,0.060736,12.760025256000063,38.0,29.276666666666667,-0.00033089231124528747,1.0,0.9711211395420766,0.8980864497035455,0.1287519603746995,0.056171927601099,0.7208540382324959
eta,intel_sensor_eta1.0_33,intel_sensor,proposed,full,33,0.3,0.6,1.0,0.3181092441082001,0.0367937944829463,3.265622,0.060736,13.459882311000001,39.0,28.81,-0.004017381906701093,1.0,0.9591323195971525,0.8364879344007353,0.0607435696269373,0.0458719618618488,0.7117354778406045
eta,intel_sensor_eta1.0_44,intel_sensor,proposed,full,44,0.3,0.6,1.0,0.2884021997451782,0.0805685520172119,3.253364,0.060736,14.14905563100001,31.0,24.51,-0.008498062263309672,1.0,0.9740736791102642,1.0740896851996968,0.1385519273139804,0.0634688958525657,0.6596118214065257
eta,intel_sensor_eta1.0_55,intel_sensor,proposed,full,55,0.3,0.6,1.0,0.3525361120700836,0.1254144608974456,3.26653,0.060736,15.880887282999993,41.0,30.423333333333332,0.005919347690223858,1.0,0.9677892994715347,0.9562615395598586,0.0872385461303813,0.0514889732003212,0.7227389553819203
eta,uci_har_eta0.0005_11,uci_har,proposed,full,11,0.3,0.6,0.0005,0.8819138106549033,0.999660671869698,226.9008,5.84192,115.61438014099997,0.0,0.0,-0.10845056668151784,1.0,0.9523809523809526,2.50730625101631,0.7216973179755204,0.1845818608999252,0.6372320527722545
eta,uci_har_eta0.0005_22,uci_har,proposed,full,22,0.3,0.6,0.0005,0.8659653885307091,0.999321343739396,226.9008,5.84192,85.40896780399987,0.0,0.0,-0.025376884428201126,1.0,0.9523809523809526,2.653425416536585,0.767553962862776,0.2670641243457794,0.701508242721852
eta,uci_har_eta0.0005_33,uci_har,proposed,full,33,0.3,0.6,0.0005,0.8581608415337632,0.999321343739396,226.9008,5.84192,141.0555403169999,0.0,0.0,-0.08907057165123732,1.0,0.9523809523809526,2.11954160065413,0.7672479530154024,0.2049895226955413,0.6666337464816552
eta,uci_har_eta0.0005_44,uci_har,proposed,full,44,0.3,0.6,0.0005,0.8612147947064812,0.999660671869698,226.9008,5.84192,102.96149573299999,0.0,0.0,-0.11535482035257422,1.0,0.9523809523809526,2.900640655009429,0.7872368932882936,0.2516871094703674,0.6783280469804981
eta,uci_har_eta0.0005_55,uci_har,proposed,full,55,0.3,0.6,0.0005,0.8822531387852053,0.999660671869698,226.9008,5.84192,89.73108294000008,0.0,0.0,-0.05130767099959958,1.0,0.9523809523809526,2.480537840981781,0.7909435989806687,0.1813111901283264,0.6859363984528324
eta,uci_har_eta0.1_11,uci_har,proposed,full,11,0.3,0.6,0.1,0.8819138106549033,0.999660671869698,226.9008,5.84192,89.05713908500002,0.0,0.0,-0.10845056668151784,1.0,0.9523809523809526,2.50730625101631,0.7216973179755204,0.1845818608999252,0.6372320527722545
eta,uci_har_eta0.1_22,uci_har,proposed,full,22,0.3,0.6,0.1,0.8659653885307091,0.999321343739396,226.9008,5.84192,86.19401661400002,0.0,0.0,-0.025376884428201126,1.0,0.9523809523809526,2.653425416536585,0.767553962862776,0.2670641243457794,0.701508242721852
eta,uci_har_eta0.1_33,uci_har,proposed,full,33,0.3,0.6,0.1,0.8581608415337632,0.999321343739396,226.9008,5.84192,20.376225839999734,0.0,0.0,-0.08907057165123732,1.0,0.9523809523809526,2.11954160065413,0.7672479530154024,0.2049895226955413,0.6666337464816552
eta,uci_har_eta0.1_44,uci_har,proposed,full,44,0.3,0.6,0.1,0.8612147947064812,0.999660671869698,226.9008,5.84192,21.11634763899974,0.0,0.0,-0.11535482035257422,1.0,0.9523809523809526,2.900640655009429,0.7872368932882936,0.2516871094703674,0.6783280469804981
eta,uci_har_eta0.1_55,uci_har,proposed,full,55,0.3,0.6,0.1,0.8822531387852053,0.999660671869698,226.9008,5.84192,20.966763779000303,0.0,0.0,-0.05130767099959958,1.0,0.9523809523809526,2.480537840981781,0.7909435989806687,0.1813111901283264,0.6859363984528324
eta,uci_har_eta0.5_11,uci_har,proposed,full,11,0.3,0.6,0.5,0.8819138106549033,0.999660671869698,226.9008,5.84192,19.18589516799966,0.0,0.0,-0.10845056668151784,1.0,0.9523809523809526,2.50730625101631,0.7216973179755204,0.1845818608999252,0.6372320527722545
eta,uci_har_eta0.5_22,uci_har,proposed,full,22,0.3,0.6,0.5,0.8659653885307091,0.999321343739396,226.9008,5.84192,19.591819208000288,0.0,0.0,-0.025376884428201126,1.0,0.9523809523809526,2.653425416536585,0.767553962862776,0.2670641243457794,0.701508242721852
eta,uci_har_eta0.5_33,uci_har,proposed,full,33,0.3,0.6,0.5,0.8581608415337632,0.999321343739396,226.9008,5.84192,19.20020560299963,0.0,0.0,-0.08907057165123732,1.0,0.9523809523809526,2.11954160065413,0.7672479530154024,0.2049895226955413,0.6666337464816552
eta,uci_har_eta0.5_44,uci_har,proposed,full,44,0.3,0.6,0.5,0.8612147947064812,0.999660671869698,226.9008,5.84192,19.758302683000238,0.0,0.0,-0.11535482035257422,1.0,0.9523809523809526,2.900640655009429,0.7872368932882936,0.2516871094703674,0.6783280469804981
eta,uci_har_eta0.5_55,uci_har,proposed,full,55,0.3,0.6,0.5,0.8822531387852053,0.999660671869698,226.9008,5.84192,18.981870384000104,0.0,0.0,-0.05130767099959958,1.0,0.9523809523809526,2.480537840981781,0.7909435989806687,0.1813111901283264,0.6859363984528324
eta,uci_har_eta1.0_11,uci_har,proposed,full,11,0.3,0.6,1.0,0.8761452324397693,0.999660671869698,226.9008,5.84192,18.236108824999974,6.0,2.3566666666666665,-0.10426415904108553,1.0,0.9524326854496307,2.4228110352100147,0.5675045113953996,0.1959689557552337,0.6429324067698401
eta,uci_har_eta1.0_22,uci_har,proposed,full,22,0.3,0.6,1.0,0.8632507634882932,0.999321343739396,226.9008,5.84192,18.019299395000417,5.0,1.3933333333333333,-0.02499719518921151,1.0,0.9522464159709485,2.6100246631535127,0.678460033936625,0.2740998566150665,0.6935005725660591
eta,uci_har_eta1.0_33,uci_har,proposed,full,33,0.3,0.6,1.0,0.8513742789277231,0.998982015609094,226.9008,5.84192,16.928200199000003,5.0,3.1533333333333333,-0.07549477609295466,1.0,0.9525168298006844,2.060524038967664,0.7476495456229754,0.2140228599309921,0.6488292037223572
eta,uci_har_eta1.0_44,uci_har,proposed,full,44,0.3,0.6,1.0,0.8574821852731591,0.999660671869698,226.9008,5.84192,18.572995637000076,2.0,1.1233333333333333,-0.10891926631339835,1.0,0.9523278200168956,2.8370861369311178,0.7549893024329809,0.2609618008136749,0.671574967664909
eta,uci_har_eta1.0_55,uci_har,proposed,full,55,0.3,0.6,1.0,0.8747879199185612,0.999660671869698,226.9008,5.84192,18.198773077999704,5.0,2.033333333333333,-0.04277504837514438,1.0,0.9522464159709485,2.4577248032114993,0.6132393638285197,0.1840981841087341,0.6879360644111989
